Date,Time,Symbol,Signal Type,Strength,Confidence Score,Entry Price,Target Price,Stop Loss,Risk/Reward Ratio,Timeframe,Entry Point Type,Quality Score,Is Executed,Execution Price,Is Profitable,Profit/Loss,Performance %,Notes,Created At,Updated At
2021-02-22,00:00:00,AAVEUSDT,BUY,MODERATE,0.70,445.160000,511.934000,409.547200,1.87,1D,FALLBACK,0.70,No,N/A,N/A,N/A,N/A,Generated signal for AAVEUSDT,2021-02-22 00:00:00,2025-10-09 06:20:47
2021-02-24,00:00:00,AAVEUSDT,BUY,MODERATE,0.70,352.980000,405.927000,324.741600,1.87,1D,FALLBACK,0.70,No,N/A,N/A,N/A,N/A,Generated signal for AAVEUSDT,2021-02-24 00:00:00,2025-10-09 06:20:47
2021-02-25,00:00:00,AAVEUSDT,BUY,MODERATE,0.70,394.730000,453.939500,363.151600,1.88,1D,FALLBACK,0.70,No,N/A,N/A,N/A,N/A,Generated signal for AAVEUSDT,2021-02-25 00:00:00,2025-10-09 06:20:47
2021-02-26,00:00:00,AAVEUSDT,BUY,MODERATE,0.70,376.230000,432.664500,346.131600,1.88,1D,FALLBACK,0.70,No,N/A,N/A,N/A,N/A,Generated signal for AAVEUSDT,2021-02-26 00:00:00,2025-10-09 06:20:47
2021-03-01,00:00:00,AAVEUSDT,BUY,MODERATE,0.70,351.780000,404.547000,323.637600,1.87,1D,FALLBACK,0.70,No,N/A,N/A,N/A,N/A,Generated signal for AAVEUSDT,2021-03-01 00:00:00,2025-10-09 06:20:47
2021-03-02,00:00:00,AAVEUSDT,BUY,MODERATE,0.70,359.050000,412.907500,330.326000,1.87,1D,FALLBACK,0.70,No,N/A,N/A,N/A,N/A,Generated signal for AAVEUSDT,2021-03-02 00:00:00,2025-10-09 06:20:47
2021-03-11,00:00:00,AAVEUSDT,SELL,MODERATE,0.70,453.830000,385.755500,490.136400,1.87,1D,FALLBACK,0.70,No,N/A,N/A,N/A,N/A,Generated signal for AAVEUSDT,2021-03-11 00:00:00,2025-10-09 06:20:47
2021-03-16,00:00:00,AAVEUSDT,SELL,MODERATE,0.70,453.160000,385.186000,489.412800,1.87,1D,FALLBACK,0.70,No,N/A,N/A,N/A,N/A,Generated signal for AAVEUSDT,2021-03-16 00:00:00,2025-10-09 06:20:47
2021-03-17,00:00:00,AAVEUSDT,SELL,MODERATE,0.70,394.140000,335.019000,425.671200,1.87,1D,FALLBACK,0.70,No,N/A,N/A,N/A,N/A,Generated signal for AAVEUSDT,2021-03-17 00:00:00,2025-10-09 06:20:47
2021-03-18,00:00:00,AAVEUSDT,SELL,MODERATE,0.70,477.250000,405.662500,515.430000,1.87,1D,FALLBACK,0.70,No,N/A,N/A,N/A,N/A,Generated signal for AAVEUSDT,2021-03-18 00:00:00,2025-10-09 06:20:47
2021-04-08,00:00:00,AAVEUSDT,BUY,MODERATE,0.70,374.380000,430.537000,344.429600,1.87,1D,FALLBACK,0.70,No,N/A,N/A,N/A,N/A,Generated signal for AAVEUSDT,2021-04-08 00:00:00,2025-10-09 06:20:47
2021-04-09,00:00:00,AAVEUSDT,BUY,MODERATE,0.70,461.940000,531.231000,424.984800,1.88,1D,FALLBACK,0.70,No,N/A,N/A,N/A,N/A,Generated signal for AAVEUSDT,2021-04-09 00:00:00,2025-10-09 06:20:47
2021-04-10,00:00:00,AAVEUSDT,BUY,MODERATE,0.70,396.660000,456.159000,364.927200,1.87,1D,FALLBACK,0.70,No,N/A,N/A,N/A,N/A,Generated signal for AAVEUSDT,2021-04-10 00:00:00,2025-10-09 06:20:47
2021-05-05,00:00:00,AAVEUSDT,SELL,MODERATE,0.70,464.890000,395.156500,502.081200,1.87,1D,FALLBACK,0.70,No,N/A,N/A,N/A,N/A,Generated signal for AAVEUSDT,2021-05-05 00:00:00,2025-10-09 06:20:47
2021-05-06,00:00:00,AAVEUSDT,SELL,MODERATE,0.70,430.730000,366.120500,465.188400,1.87,1D,FALLBACK,0.70,No,N/A,N/A,N/A,N/A,Generated signal for AAVEUSDT,2021-05-06 00:00:00,2025-10-09 06:20:47
2021-05-17,00:00:00,AAVEUSDT,SELL,MODERATE,0.70,355.660000,302.311000,384.112800,1.87,1D,FALLBACK,0.70,No,N/A,N/A,N/A,N/A,Generated signal for AAVEUSDT,2021-05-17 00:00:00,2025-10-09 06:20:47
2021-05-19,00:00:00,AAVEUSDT,SELL,MODERATE,0.70,352.430000,299.565500,380.624400,1.87,1D,FALLBACK,0.70,No,N/A,N/A,N/A,N/A,Generated signal for AAVEUSDT,2021-05-19 00:00:00,2025-10-09 06:20:47
2021-05-28,00:00:00,AAVEUSDT,SELL,MODERATE,0.70,325.530000,276.700500,351.572400,1.87,1D,FALLBACK,0.70,No,N/A,N/A,N/A,N/A,Generated signal for AAVEUSDT,2021-05-28 00:00:00,2025-10-09 06:20:47
2021-06-04,00:00:00,AAVEUSDT,SELL,MODERATE,0.70,372.710000,316.803500,402.526800,1.87,1D,FALLBACK,0.70,No,N/A,N/A,N/A,N/A,Generated signal for AAVEUSDT,2021-06-04 00:00:00,2025-10-09 06:20:47
2021-06-05,00:00:00,AAVEUSDT,SELL,MODERATE,0.70,404.690000,343.986500,437.065200,1.88,1D,FALLBACK,0.70,No,N/A,N/A,N/A,N/A,Generated signal for AAVEUSDT,2021-06-05 00:00:00,2025-10-09 06:20:47
2021-06-11,00:00:00,AAVEUSDT,SELL,MODERATE,0.70,331.640000,281.894000,358.171200,1.87,1D,FALLBACK,0.70,No,N/A,N/A,N/A,N/A,Generated signal for AAVEUSDT,2021-06-11 00:00:00,2025-10-09 06:20:47
2021-06-18,00:00:00,AAVEUSDT,SELL,MODERATE,0.70,439.590000,373.651500,474.757200,1.87,1D,FALLBACK,0.70,No,N/A,N/A,N/A,N/A,Generated signal for AAVEUSDT,2021-06-18 00:00:00,2025-10-09 06:20:47
2021-06-28,00:00:00,AAVEUSDT,BUY,MODERATE,0.70,354.330000,407.479500,325.983600,1.88,1D,FALLBACK,0.70,No,N/A,N/A,N/A,N/A,Generated signal for AAVEUSDT,2021-06-28 00:00:00,2025-10-09 06:20:47
2021-07-04,00:00:00,AAVEUSDT,BUY,MODERATE,0.70,479.610000,551.551500,441.241200,1.87,1D,FALLBACK,0.70,No,N/A,N/A,N/A,N/A,Generated signal for AAVEUSDT,2021-07-04 00:00:00,2025-10-09 06:20:47
2021-07-09,00:00:00,AAVEUSDT,BUY,MODERATE,0.70,368.670000,423.970500,339.176400,1.87,1D,FALLBACK,0.70,No,N/A,N/A,N/A,N/A,Generated signal for AAVEUSDT,2021-07-09 00:00:00,2025-10-09 06:20:47
2021-07-12,00:00:00,AAVEUSDT,BUY,MODERATE,0.70,421.310000,484.506500,387.605200,1.88,1D,FALLBACK,0.70,No,N/A,N/A,N/A,N/A,Generated signal for AAVEUSDT,2021-07-12 00:00:00,2025-10-09 06:20:47
2021-07-15,00:00:00,AAVEUSDT,BUY,MODERATE,0.70,404.630000,465.324500,372.259600,1.88,1D,FALLBACK,0.70,No,N/A,N/A,N/A,N/A,Generated signal for AAVEUSDT,2021-07-15 00:00:00,2025-10-09 06:20:47
2021-07-16,00:00:00,AAVEUSDT,BUY,MODERATE,0.70,465.790000,535.658500,428.526800,1.88,1D,FALLBACK,0.70,No,N/A,N/A,N/A,N/A,Generated signal for AAVEUSDT,2021-07-16 00:00:00,2025-10-09 06:20:47
2021-07-22,00:00:00,AAVEUSDT,BUY,MODERATE,0.70,330.040000,379.546000,303.636800,1.88,1D,FALLBACK,0.70,No,N/A,N/A,N/A,N/A,Generated signal for AAVEUSDT,2021-07-22 00:00:00,2025-10-09 06:20:47
2021-07-24,00:00:00,AAVEUSDT,BUY,MODERATE,0.70,363.620000,418.163000,334.530400,1.88,1D,FALLBACK,0.70,No,N/A,N/A,N/A,N/A,Generated signal for AAVEUSDT,2021-07-24 00:00:00,2025-10-09 06:20:47
2021-07-29,00:00:00,AAVEUSDT,SELL,MODERATE,0.70,456.110000,387.693500,492.598800,1.87,1D,FALLBACK,0.70,No,N/A,N/A,N/A,N/A,Generated signal for AAVEUSDT,2021-07-29 00:00:00,2025-10-09 06:20:47
2021-07-31,00:00:00,AAVEUSDT,SELL,MODERATE,0.70,365.260000,310.471000,394.480800,1.87,1D,FALLBACK,0.70,No,N/A,N/A,N/A,N/A,Generated signal for AAVEUSDT,2021-07-31 00:00:00,2025-10-09 06:20:47
2021-08-03,00:00:00,AAVEUSDT,SELL,MODERATE,0.70,327.760000,278.596000,353.980800,1.87,1D,FALLBACK,0.70,No,N/A,N/A,N/A,N/A,Generated signal for AAVEUSDT,2021-08-03 00:00:00,2025-10-09 06:20:47
2021-08-04,00:00:00,AAVEUSDT,SELL,MODERATE,0.70,402.310000,341.963500,434.494800,1.87,1D,FALLBACK,0.70,No,N/A,N/A,N/A,N/A,Generated signal for AAVEUSDT,2021-08-04 00:00:00,2025-10-09 06:20:47
2021-08-05,00:00:00,AAVEUSDT,SELL,STRONG,0.80,347.600000,295.460000,375.408000,1.87,1D,FALLBACK,0.80,No,N/A,N/A,N/A,N/A,Generated signal for AAVEUSDT,2021-08-05 00:00:00,2025-10-09 06:20:47
2021-08-09,00:00:00,AAVEUSDT,SELL,MODERATE,0.70,448.020000,380.817000,483.861600,1.87,1D,FALLBACK,0.70,No,N/A,N/A,N/A,N/A,Generated signal for AAVEUSDT,2021-08-09 00:00:00,2025-10-09 06:20:47
2021-08-10,00:00:00,AAVEUSDT,SELL,MODERATE,0.70,409.370000,347.964500,442.119600,1.87,1D,FALLBACK,0.70,No,N/A,N/A,N/A,N/A,Generated signal for AAVEUSDT,2021-08-10 00:00:00,2025-10-09 06:20:47
2021-08-20,00:00:00,AAVEUSDT,BUY,MODERATE,0.70,383.450000,440.967500,352.774000,1.88,1D,FALLBACK,0.70,No,N/A,N/A,N/A,N/A,Generated signal for AAVEUSDT,2021-08-20 00:00:00,2025-10-09 06:20:47
2021-08-21,00:00:00,AAVEUSDT,BUY,MODERATE,0.70,324.430000,373.094500,298.475600,1.88,1D,FALLBACK,0.70,No,N/A,N/A,N/A,N/A,Generated signal for AAVEUSDT,2021-08-21 00:00:00,2025-10-09 06:20:47
2021-08-26,00:00:00,AAVEUSDT,BUY,MODERATE,0.70,463.290000,532.783500,426.226800,1.87,1D,FALLBACK,0.70,No,N/A,N/A,N/A,N/A,Generated signal for AAVEUSDT,2021-08-26 00:00:00,2025-10-09 06:20:47
2021-08-27,00:00:00,AAVEUSDT,BUY,MODERATE,0.70,382.590000,439.978500,351.982800,1.88,1D,FALLBACK,0.70,No,N/A,N/A,N/A,N/A,Generated signal for AAVEUSDT,2021-08-27 00:00:00,2025-10-09 06:20:47
2021-09-16,00:00:00,AAVEUSDT,SELL,MODERATE,0.70,332.210000,282.378500,358.786800,1.87,1D,FALLBACK,0.70,No,N/A,N/A,N/A,N/A,Generated signal for AAVEUSDT,2021-09-16 00:00:00,2025-10-09 06:20:47
2021-09-23,00:00:00,AAVEUSDT,SELL,MODERATE,0.70,339.330000,288.430500,366.476400,1.87,1D,FALLBACK,0.70,No,N/A,N/A,N/A,N/A,Generated signal for AAVEUSDT,2021-09-23 00:00:00,2025-10-09 06:20:47
2021-09-25,00:00:00,AAVEUSDT,SELL,MODERATE,0.70,409.070000,347.709500,441.795600,1.87,1D,FALLBACK,0.70,No,N/A,N/A,N/A,N/A,Generated signal for AAVEUSDT,2021-09-25 00:00:00,2025-10-09 06:20:47
2021-10-01,00:00:00,AAVEUSDT,BUY,STRONG,0.80,464.370000,534.025500,427.220400,1.88,1D,FALLBACK,0.80,No,N/A,N/A,N/A,N/A,Generated signal for AAVEUSDT,2021-10-01 00:00:00,2025-10-09 06:20:47
2021-10-06,00:00:00,AAVEUSDT,BUY,MODERATE,0.70,335.310000,385.606500,308.485200,1.88,1D,FALLBACK,0.70,No,N/A,N/A,N/A,N/A,Generated signal for AAVEUSDT,2021-10-06 00:00:00,2025-10-09 06:20:47
2021-10-10,00:00:00,AAVEUSDT,BUY,MODERATE,0.70,460.570000,529.655500,423.724400,1.87,1D,FALLBACK,0.70,No,N/A,N/A,N/A,N/A,Generated signal for AAVEUSDT,2021-10-10 00:00:00,2025-10-09 06:20:47
2021-10-12,00:00:00,AAVEUSDT,BUY,MODERATE,0.70,357.980000,411.677000,329.341600,1.87,1D,FALLBACK,0.70,No,N/A,N/A,N/A,N/A,Generated signal for AAVEUSDT,2021-10-12 00:00:00,2025-10-09 06:20:47
2021-10-15,00:00:00,AAVEUSDT,BUY,MODERATE,0.70,463.380000,532.887000,426.309600,1.87,1D,FALLBACK,0.70,No,N/A,N/A,N/A,N/A,Generated signal for AAVEUSDT,2021-10-15 00:00:00,2025-10-09 06:20:47
2021-10-17,00:00:00,AAVEUSDT,BUY,MODERATE,0.70,382.860000,440.289000,352.231200,1.87,1D,FALLBACK,0.70,No,N/A,N/A,N/A,N/A,Generated signal for AAVEUSDT,2021-10-17 00:00:00,2025-10-09 06:20:47
2021-10-19,00:00:00,AAVEUSDT,BUY,MODERATE,0.70,358.860000,412.689000,330.151200,1.87,1D,FALLBACK,0.70,No,N/A,N/A,N/A,N/A,Generated signal for AAVEUSDT,2021-10-19 00:00:00,2025-10-09 06:20:47
2021-10-24,00:00:00,AAVEUSDT,BUY,MODERATE,0.70,394.820000,454.043000,363.234400,1.87,1D,FALLBACK,0.70,No,N/A,N/A,N/A,N/A,Generated signal for AAVEUSDT,2021-10-24 00:00:00,2025-10-09 06:20:47
2021-10-30,00:00:00,AAVEUSDT,SELL,MODERATE,0.70,454.530000,386.350500,490.892400,1.87,1D,FALLBACK,0.70,No,N/A,N/A,N/A,N/A,Generated signal for AAVEUSDT,2021-10-30 00:00:00,2025-10-09 06:20:47
2021-11-02,00:00:00,AAVEUSDT,SELL,MODERATE,0.70,429.690000,365.236500,464.065200,1.88,1D,FALLBACK,0.70,No,N/A,N/A,N/A,N/A,Generated signal for AAVEUSDT,2021-11-02 00:00:00,2025-10-09 06:20:47
2021-11-13,00:00:00,AAVEUSDT,SELL,MODERATE,0.70,338.950000,288.107500,366.066000,1.87,1D,FALLBACK,0.70,No,N/A,N/A,N/A,N/A,Generated signal for AAVEUSDT,2021-11-13 00:00:00,2025-10-09 06:20:47
2021-11-14,00:00:00,AAVEUSDT,SELL,MODERATE,0.70,428.370000,364.114500,462.639600,1.87,1D,FALLBACK,0.70,No,N/A,N/A,N/A,N/A,Generated signal for AAVEUSDT,2021-11-14 00:00:00,2025-10-09 06:20:47
2021-11-15,00:00:00,AAVEUSDT,SELL,MODERATE,0.70,353.170000,300.194500,381.423600,1.88,1D,FALLBACK,0.70,No,N/A,N/A,N/A,N/A,Generated signal for AAVEUSDT,2021-11-15 00:00:00,2025-10-09 06:20:47
2021-11-18,00:00:00,AAVEUSDT,SELL,MODERATE,0.70,434.940000,369.699000,469.735200,1.87,1D,FALLBACK,0.70,No,N/A,N/A,N/A,N/A,Generated signal for AAVEUSDT,2021-11-18 00:00:00,2025-10-09 06:20:47
2021-11-23,00:00:00,AAVEUSDT,SELL,MODERATE,0.70,461.060000,391.901000,497.944800,1.87,1D,FALLBACK,0.70,No,N/A,N/A,N/A,N/A,Generated signal for AAVEUSDT,2021-11-23 00:00:00,2025-10-09 06:20:47
2021-11-27,00:00:00,AAVEUSDT,SELL,MODERATE,0.70,443.470000,376.949500,478.947600,1.87,1D,FALLBACK,0.70,No,N/A,N/A,N/A,N/A,Generated signal for AAVEUSDT,2021-11-27 00:00:00,2025-10-09 06:20:47
2021-12-02,00:00:00,AAVEUSDT,SELL,MODERATE,0.70,448.520000,381.242000,484.401600,1.87,1D,FALLBACK,0.70,No,N/A,N/A,N/A,N/A,Generated signal for AAVEUSDT,2021-12-02 00:00:00,2025-10-09 06:20:47
2021-12-08,00:00:00,AAVEUSDT,BUY,STRONG,0.80,461.300000,530.495000,424.396000,1.88,1D,FALLBACK,0.80,No,N/A,N/A,N/A,N/A,Generated signal for AAVEUSDT,2021-12-08 00:00:00,2025-10-09 06:20:47
2021-12-22,00:00:00,AAVEUSDT,BUY,MODERATE,0.70,386.570000,444.555500,355.644400,1.87,1D,FALLBACK,0.70,No,N/A,N/A,N/A,N/A,Generated signal for AAVEUSDT,2021-12-22 00:00:00,2025-10-09 06:20:47
2021-12-25,00:00:00,AAVEUSDT,BUY,STRONG,0.80,468.280000,538.522000,430.817600,1.87,1D,FALLBACK,0.80,No,N/A,N/A,N/A,N/A,Generated signal for AAVEUSDT,2021-12-25 00:00:00,2025-10-09 06:20:47
2021-12-26,00:00:00,AAVEUSDT,BUY,MODERATE,0.70,350.790000,403.408500,322.726800,1.87,1D,FALLBACK,0.70,No,N/A,N/A,N/A,N/A,Generated signal for AAVEUSDT,2021-12-26 00:00:00,2025-10-09 06:20:47
2021-12-27,00:00:00,AAVEUSDT,BUY,MODERATE,0.70,445.060000,511.819000,409.455200,1.88,1D,FALLBACK,0.70,No,N/A,N/A,N/A,N/A,Generated signal for AAVEUSDT,2021-12-27 00:00:00,2025-10-09 06:20:47
2022-02-25,00:00:00,AAVEUSDT,SELL,MODERATE,0.70,138.900000,118.065000,150.012000,1.87,1D,FALLBACK,0.70,No,N/A,N/A,N/A,N/A,Generated signal for AAVEUSDT,2022-02-25 00:00:00,2025-10-09 06:22:55
2022-03-03,00:00:00,AAVEUSDT,SELL,MODERATE,0.70,155.680000,132.328000,168.134400,1.87,1D,FALLBACK,0.70,No,N/A,N/A,N/A,N/A,Generated signal for AAVEUSDT,2022-03-03 00:00:00,2025-10-09 06:22:55
2022-03-04,00:00:00,AAVEUSDT,SELL,MODERATE,0.70,142.400000,121.040000,153.792000,1.87,1D,FALLBACK,0.70,No,N/A,N/A,N/A,N/A,Generated signal for AAVEUSDT,2022-03-04 00:00:00,2025-10-09 06:22:55
2022-03-07,00:00:00,AAVEUSDT,SELL,MODERATE,0.70,144.970000,123.224500,156.567600,1.88,1D,FALLBACK,0.70,No,N/A,N/A,N/A,N/A,Generated signal for AAVEUSDT,2022-03-07 00:00:00,2025-10-09 06:22:55
2022-03-10,00:00:00,AAVEUSDT,SELL,MODERATE,0.70,161.410000,137.198500,174.322800,1.87,1D,FALLBACK,0.70,No,N/A,N/A,N/A,N/A,Generated signal for AAVEUSDT,2022-03-10 00:00:00,2025-10-09 06:22:55
2022-03-20,00:00:00,AAVEUSDT,BUY,MODERATE,0.70,143.680000,165.232000,132.185600,1.88,1D,FALLBACK,0.70,No,N/A,N/A,N/A,N/A,Generated signal for AAVEUSDT,2022-03-20 00:00:00,2025-10-09 06:22:55
2022-03-31,00:00:00,AAVEUSDT,BUY,STRONG,0.80,173.010000,198.961500,159.169200,1.87,1D,FALLBACK,0.80,No,N/A,N/A,N/A,N/A,Generated signal for AAVEUSDT,2022-03-31 00:00:00,2025-10-09 06:22:55
2022-04-02,00:00:00,AAVEUSDT,BUY,MODERATE,0.70,145.210000,166.991500,133.593200,1.88,1D,FALLBACK,0.70,No,N/A,N/A,N/A,N/A,Generated signal for AAVEUSDT,2022-04-02 00:00:00,2025-10-09 06:22:55
2022-04-08,00:00:00,AAVEUSDT,BUY,MODERATE,0.70,156.410000,179.871500,143.897200,1.87,1D,FALLBACK,0.70,No,N/A,N/A,N/A,N/A,Generated signal for AAVEUSDT,2022-04-08 00:00:00,2025-10-09 06:22:55
2022-04-14,00:00:00,AAVEUSDT,BUY,MODERATE,0.70,121.060000,139.219000,111.375200,1.88,1D,FALLBACK,0.70,No,N/A,N/A,N/A,N/A,Generated signal for AAVEUSDT,2022-04-14 00:00:00,2025-10-09 06:22:55
2022-04-15,00:00:00,AAVEUSDT,BUY,MODERATE,0.70,139.570000,160.505500,128.404400,1.88,1D,FALLBACK,0.70,No,N/A,N/A,N/A,N/A,Generated signal for AAVEUSDT,2022-04-15 00:00:00,2025-10-09 06:22:55
2022-04-20,00:00:00,AAVEUSDT,BUY,MODERATE,0.70,148.720000,171.028000,136.822400,1.88,1D,FALLBACK,0.70,No,N/A,N/A,N/A,N/A,Generated signal for AAVEUSDT,2022-04-20 00:00:00,2025-10-09 06:22:55
2022-04-26,00:00:00,AAVEUSDT,SELL,MODERATE,0.70,150.040000,127.534000,162.043200,1.87,1D,FALLBACK,0.70,No,N/A,N/A,N/A,N/A,Generated signal for AAVEUSDT,2022-04-26 00:00:00,2025-10-09 06:22:55
2022-04-28,00:00:00,AAVEUSDT,SELL,MODERATE,0.70,163.210000,138.728500,176.266800,1.87,1D,FALLBACK,0.70,No,N/A,N/A,N/A,N/A,Generated signal for AAVEUSDT,2022-04-28 00:00:00,2025-10-09 06:22:55
2022-04-29,00:00:00,AAVEUSDT,SELL,MODERATE,0.70,130.970000,111.324500,141.447600,1.88,1D,FALLBACK,0.70,No,N/A,N/A,N/A,N/A,Generated signal for AAVEUSDT,2022-04-29 00:00:00,2025-10-09 06:22:55
2022-05-02,00:00:00,AAVEUSDT,SELL,MODERATE,0.70,171.340000,145.639000,185.047200,1.87,1D,FALLBACK,0.70,No,N/A,N/A,N/A,N/A,Generated signal for AAVEUSDT,2022-05-02 00:00:00,2025-10-09 06:22:55
2022-05-03,00:00:00,AAVEUSDT,SELL,MODERATE,0.70,159.750000,135.787500,172.530000,1.88,1D,FALLBACK,0.70,No,N/A,N/A,N/A,N/A,Generated signal for AAVEUSDT,2022-05-03 00:00:00,2025-10-09 06:22:55
2022-05-15,00:00:00,AAVEUSDT,SELL,MODERATE,0.70,120.270000,102.229500,129.891600,1.87,1D,FALLBACK,0.70,No,N/A,N/A,N/A,N/A,Generated signal for AAVEUSDT,2022-05-15 00:00:00,2025-10-09 06:22:55
2022-05-17,00:00:00,AAVEUSDT,SELL,MODERATE,0.70,172.670000,146.769500,186.483600,1.87,1D,FALLBACK,0.70,No,N/A,N/A,N/A,N/A,Generated signal for AAVEUSDT,2022-05-17 00:00:00,2025-10-09 06:22:55
2022-05-19,00:00:00,AAVEUSDT,SELL,MODERATE,0.70,121.780000,103.513000,131.522400,1.87,1D,FALLBACK,0.70,No,N/A,N/A,N/A,N/A,Generated signal for AAVEUSDT,2022-05-19 00:00:00,2025-10-09 06:22:55
2022-05-20,00:00:00,AAVEUSDT,SELL,MODERATE,0.70,164.580000,139.893000,177.746400,1.87,1D,FALLBACK,0.70,No,N/A,N/A,N/A,N/A,Generated signal for AAVEUSDT,2022-05-20 00:00:00,2025-10-09 06:22:55
2022-05-28,00:00:00,AAVEUSDT,BUY,MODERATE,0.70,149.250000,171.637500,137.310000,1.87,1D,FALLBACK,0.70,No,N/A,N/A,N/A,N/A,Generated signal for AAVEUSDT,2022-05-28 00:00:00,2025-10-09 06:22:55
2022-05-30,00:00:00,AAVEUSDT,BUY,MODERATE,0.70,132.320000,152.168000,121.734400,1.87,1D,FALLBACK,0.70,No,N/A,N/A,N/A,N/A,Generated signal for AAVEUSDT,2022-05-30 00:00:00,2025-10-09 06:22:55
2022-05-31,00:00:00,AAVEUSDT,BUY,MODERATE,0.70,136.680000,157.182000,125.745600,1.87,1D,FALLBACK,0.70,No,N/A,N/A,N/A,N/A,Generated signal for AAVEUSDT,2022-05-31 00:00:00,2025-10-09 06:22:55
2022-06-10,00:00:00,AAVEUSDT,BUY,MODERATE,0.70,154.870000,178.100500,142.480400,1.87,1D,FALLBACK,0.70,No,N/A,N/A,N/A,N/A,Generated signal for AAVEUSDT,2022-06-10 00:00:00,2025-10-09 06:22:55
2022-06-12,00:00:00,AAVEUSDT,BUY,STRONG,0.80,168.580000,193.867000,155.093600,1.87,1D,FALLBACK,0.80,No,N/A,N/A,N/A,N/A,Generated signal for AAVEUSDT,2022-06-12 00:00:00,2025-10-09 06:22:55
2022-06-20,00:00:00,AAVEUSDT,BUY,MODERATE,0.70,126.810000,145.831500,116.665200,1.88,1D,FALLBACK,0.70,No,N/A,N/A,N/A,N/A,Generated signal for AAVEUSDT,2022-06-20 00:00:00,2025-10-09 06:22:55
2022-06-22,00:00:00,AAVEUSDT,BUY,MODERATE,0.70,122.990000,141.438500,113.150800,1.87,1D,FALLBACK,0.70,No,N/A,N/A,N/A,N/A,Generated signal for AAVEUSDT,2022-06-22 00:00:00,2025-10-09 06:22:55
2022-06-27,00:00:00,AAVEUSDT,SELL,MODERATE,0.70,167.340000,142.239000,180.727200,1.87,1D,FALLBACK,0.70,No,N/A,N/A,N/A,N/A,Generated signal for AAVEUSDT,2022-06-27 00:00:00,2025-10-09 06:22:55
2022-07-02,00:00:00,AAVEUSDT,BUY,MODERATE,0.70,150.190000,172.718500,138.174800,1.87,1D,FALLBACK,0.70,No,N/A,N/A,N/A,N/A,Generated signal for AAVEUSDT,2022-07-02 00:00:00,2025-10-09 06:22:55
2022-07-07,00:00:00,AAVEUSDT,BUY,MODERATE,0.70,125.080000,143.842000,115.073600,1.87,1D,FALLBACK,0.70,No,N/A,N/A,N/A,N/A,Generated signal for AAVEUSDT,2022-07-07 00:00:00,2025-10-09 06:22:55
2022-07-11,00:00:00,AAVEUSDT,BUY,MODERATE,0.70,160.480000,184.552000,147.641600,1.88,1D,FALLBACK,0.70,No,N/A,N/A,N/A,N/A,Generated signal for AAVEUSDT,2022-07-11 00:00:00,2025-10-09 06:22:55
2022-07-14,00:00:00,AAVEUSDT,BUY,MODERATE,0.70,162.860000,187.289000,149.831200,1.87,1D,FALLBACK,0.70,No,N/A,N/A,N/A,N/A,Generated signal for AAVEUSDT,2022-07-14 00:00:00,2025-10-09 06:22:55
2022-07-19,00:00:00,AAVEUSDT,BUY,MODERATE,0.70,161.880000,186.162000,148.929600,1.87,1D,FALLBACK,0.70,No,N/A,N/A,N/A,N/A,Generated signal for AAVEUSDT,2022-07-19 00:00:00,2025-10-09 06:22:55
2022-07-25,00:00:00,AAVEUSDT,SELL,MODERATE,0.70,179.240000,152.354000,193.579200,1.87,1D,FALLBACK,0.70,No,N/A,N/A,N/A,N/A,Generated signal for AAVEUSDT,2022-07-25 00:00:00,2025-10-09 06:22:55
2022-07-29,00:00:00,AAVEUSDT,SELL,MODERATE,0.70,148.560000,126.276000,160.444800,1.87,1D,FALLBACK,0.70,No,N/A,N/A,N/A,N/A,Generated signal for AAVEUSDT,2022-07-29 00:00:00,2025-10-09 06:22:55
2022-08-10,00:00:00,AAVEUSDT,SELL,STRONG,0.80,157.370000,133.764500,169.959600,1.87,1D,FALLBACK,0.80,No,N/A,N/A,N/A,N/A,Generated signal for AAVEUSDT,2022-08-10 00:00:00,2025-10-09 06:22:55
2022-08-15,00:00:00,AAVEUSDT,SELL,MODERATE,0.70,171.070000,145.409500,184.755600,1.87,1D,FALLBACK,0.70,No,N/A,N/A,N/A,N/A,Generated signal for AAVEUSDT,2022-08-15 00:00:00,2025-10-09 06:22:55
2022-08-22,00:00:00,AAVEUSDT,SELL,MODERATE,0.70,171.960000,146.166000,185.716800,1.87,1D,FALLBACK,0.70,No,N/A,N/A,N/A,N/A,Generated signal for AAVEUSDT,2022-08-22 00:00:00,2025-10-09 06:22:55
2022-08-23,00:00:00,AAVEUSDT,SELL,MODERATE,0.70,139.850000,118.872500,151.038000,1.87,1D,FALLBACK,0.70,No,N/A,N/A,N/A,N/A,Generated signal for AAVEUSDT,2022-08-23 00:00:00,2025-10-09 06:22:55
2022-08-25,00:00:00,AAVEUSDT,BUY,MODERATE,0.70,172.580000,198.467000,158.773600,1.88,1D,FALLBACK,0.70,No,N/A,N/A,N/A,N/A,Generated signal for AAVEUSDT,2022-08-25 00:00:00,2025-10-09 06:22:55
2022-08-27,00:00:00,AAVEUSDT,BUY,MODERATE,0.70,124.670000,143.370500,114.696400,1.88,1D,FALLBACK,0.70,No,N/A,N/A,N/A,N/A,Generated signal for AAVEUSDT,2022-08-27 00:00:00,2025-10-09 06:22:55
2022-09-09,00:00:00,AAVEUSDT,BUY,MODERATE,0.70,168.850000,194.177500,155.342000,1.88,1D,FALLBACK,0.70,No,N/A,N/A,N/A,N/A,Generated signal for AAVEUSDT,2022-09-09 00:00:00,2025-10-09 06:22:55
2022-09-11,00:00:00,AAVEUSDT,BUY,STRONG,0.80,158.820000,182.643000,146.114400,1.87,1D,FALLBACK,0.80,No,N/A,N/A,N/A,N/A,Generated signal for AAVEUSDT,2022-09-11 00:00:00,2025-10-09 06:22:55
2022-09-12,00:00:00,AAVEUSDT,BUY,MODERATE,0.70,121.380000,139.587000,111.669600,1.88,1D,FALLBACK,0.70,No,N/A,N/A,N/A,N/A,Generated signal for AAVEUSDT,2022-09-12 00:00:00,2025-10-09 06:22:55
2022-09-17,00:00:00,AAVEUSDT,SELL,MODERATE,0.70,151.890000,129.106500,164.041200,1.87,1D,FALLBACK,0.70,No,N/A,N/A,N/A,N/A,Generated signal for AAVEUSDT,2022-09-17 00:00:00,2025-10-09 06:22:55
2022-09-25,00:00:00,AAVEUSDT,SELL,MODERATE,0.70,125.880000,106.998000,135.950400,1.87,1D,FALLBACK,0.70,No,N/A,N/A,N/A,N/A,Generated signal for AAVEUSDT,2022-09-25 00:00:00,2025-10-09 06:22:55
2022-09-26,00:00:00,AAVEUSDT,SELL,MODERATE,0.70,124.120000,105.502000,134.049600,1.87,1D,FALLBACK,0.70,No,N/A,N/A,N/A,N/A,Generated signal for AAVEUSDT,2022-09-26 00:00:00,2025-10-09 06:22:55
2022-09-30,00:00:00,AAVEUSDT,SELL,MODERATE,0.70,156.510000,133.033500,169.030800,1.88,1D,FALLBACK,0.70,No,N/A,N/A,N/A,N/A,Generated signal for AAVEUSDT,2022-09-30 00:00:00,2025-10-09 06:22:55
2022-10-03,00:00:00,AAVEUSDT,SELL,MODERATE,0.70,135.500000,115.175000,146.340000,1.87,1D,FALLBACK,0.70,No,N/A,N/A,N/A,N/A,Generated signal for AAVEUSDT,2022-10-03 00:00:00,2025-10-09 06:22:55
2022-10-04,00:00:00,AAVEUSDT,SELL,MODERATE,0.70,174.350000,148.197500,188.298000,1.87,1D,FALLBACK,0.70,No,N/A,N/A,N/A,N/A,Generated signal for AAVEUSDT,2022-10-04 00:00:00,2025-10-09 06:22:55
2022-10-08,00:00:00,AAVEUSDT,SELL,MODERATE,0.70,175.810000,149.438500,189.874800,1.87,1D,FALLBACK,0.70,No,N/A,N/A,N/A,N/A,Generated signal for AAVEUSDT,2022-10-08 00:00:00,2025-10-09 06:22:55
2022-10-18,00:00:00,AAVEUSDT,BUY,MODERATE,0.70,152.180000,175.007000,140.005600,1.88,1D,FALLBACK,0.70,No,N/A,N/A,N/A,N/A,Generated signal for AAVEUSDT,2022-10-18 00:00:00,2025-10-09 06:22:55
2022-10-30,00:00:00,AAVEUSDT,BUY,MODERATE,0.70,177.890000,204.573500,163.658800,1.87,1D,FALLBACK,0.70,No,N/A,N/A,N/A,N/A,Generated signal for AAVEUSDT,2022-10-30 00:00:00,2025-10-09 06:22:55
2022-10-31,00:00:00,AAVEUSDT,BUY,MODERATE,0.70,169.180000,194.557000,155.645600,1.87,1D,FALLBACK,0.70,No,N/A,N/A,N/A,N/A,Generated signal for AAVEUSDT,2022-10-31 00:00:00,2025-10-09 06:22:55
2022-11-01,00:00:00,AAVEUSDT,BUY,MODERATE,0.70,128.950000,148.292500,118.634000,1.87,1D,FALLBACK,0.70,No,N/A,N/A,N/A,N/A,Generated signal for AAVEUSDT,2022-11-01 00:00:00,2025-10-09 06:22:55
2022-11-02,00:00:00,AAVEUSDT,BUY,STRONG,0.80,164.470000,189.140500,151.312400,1.87,1D,FALLBACK,0.80,No,N/A,N/A,N/A,N/A,Generated signal for AAVEUSDT,2022-11-02 00:00:00,2025-10-09 06:22:55
2022-11-03,00:00:00,AAVEUSDT,BUY,MODERATE,0.70,131.650000,151.397500,121.118000,1.88,1D,FALLBACK,0.70,No,N/A,N/A,N/A,N/A,Generated signal for AAVEUSDT,2022-11-03 00:00:00,2025-10-09 06:22:55
2022-11-05,00:00:00,AAVEUSDT,BUY,MODERATE,0.70,179.430000,206.344500,165.075600,1.87,1D,FALLBACK,0.70,No,N/A,N/A,N/A,N/A,Generated signal for AAVEUSDT,2022-11-05 00:00:00,2025-10-09 06:22:55
2022-11-09,00:00:00,AAVEUSDT,SELL,MODERATE,0.70,131.790000,112.021500,142.333200,1.87,1D,FALLBACK,0.70,No,N/A,N/A,N/A,N/A,Generated signal for AAVEUSDT,2022-11-09 00:00:00,2025-10-09 06:22:55
2022-11-20,00:00:00,AAVEUSDT,SELL,MODERATE,0.70,139.760000,118.796000,150.940800,1.87,1D,FALLBACK,0.70,No,N/A,N/A,N/A,N/A,Generated signal for AAVEUSDT,2022-11-20 00:00:00,2025-10-09 06:22:55
2022-11-23,00:00:00,AAVEUSDT,SELL,MODERATE,0.70,160.090000,136.076500,172.897200,1.87,1D,FALLBACK,0.70,No,N/A,N/A,N/A,N/A,Generated signal for AAVEUSDT,2022-11-23 00:00:00,2025-10-09 06:22:55
2022-11-26,00:00:00,AAVEUSDT,SELL,MODERATE,0.70,133.850000,113.772500,144.558000,1.88,1D,FALLBACK,0.70,No,N/A,N/A,N/A,N/A,Generated signal for AAVEUSDT,2022-11-26 00:00:00,2025-10-09 06:22:55
2022-11-29,00:00:00,AAVEUSDT,SELL,MODERATE,0.70,161.610000,137.368500,174.538800,1.87,1D,FALLBACK,0.70,No,N/A,N/A,N/A,N/A,Generated signal for AAVEUSDT,2022-11-29 00:00:00,2025-10-09 06:22:55
2022-11-30,00:00:00,AAVEUSDT,SELL,MODERATE,0.70,159.180000,135.303000,171.914400,1.87,1D,FALLBACK,0.70,No,N/A,N/A,N/A,N/A,Generated signal for AAVEUSDT,2022-11-30 00:00:00,2025-10-09 06:22:55
2022-12-05,00:00:00,AAVEUSDT,SELL,MODERATE,0.70,142.260000,120.921000,153.640800,1.87,1D,FALLBACK,0.70,No,N/A,N/A,N/A,N/A,Generated signal for AAVEUSDT,2022-12-05 00:00:00,2025-10-09 06:22:55
2022-12-09,00:00:00,AAVEUSDT,SELL,MODERATE,0.70,139.700000,118.745000,150.876000,1.87,1D,FALLBACK,0.70,No,N/A,N/A,N/A,N/A,Generated signal for AAVEUSDT,2022-12-09 00:00:00,2025-10-09 06:22:55
2022-12-13,00:00:00,AAVEUSDT,BUY,MODERATE,0.70,128.470000,147.740500,118.192400,1.88,1D,FALLBACK,0.70,No,N/A,N/A,N/A,N/A,Generated signal for AAVEUSDT,2022-12-13 00:00:00,2025-10-09 06:22:55
2022-12-26,00:00:00,AAVEUSDT,BUY,MODERATE,0.70,124.450000,143.117500,114.494000,1.87,1D,FALLBACK,0.70,No,N/A,N/A,N/A,N/A,Generated signal for AAVEUSDT,2022-12-26 00:00:00,2025-10-09 06:22:55
2022-12-29,00:00:00,AAVEUSDT,BUY,MODERATE,0.70,133.520000,153.548000,122.838400,1.88,1D,FALLBACK,0.70,No,N/A,N/A,N/A,N/A,Generated signal for AAVEUSDT,2022-12-29 00:00:00,2025-10-09 06:22:55
2022-12-30,00:00:00,AAVEUSDT,BUY,MODERATE,0.70,126.320000,145.268000,116.214400,1.87,1D,FALLBACK,0.70,No,N/A,N/A,N/A,N/A,Generated signal for AAVEUSDT,2022-12-30 00:00:00,2025-10-09 06:22:55
