Date,Time,Symbol,Signal Type,Strength,Confidence Score,Entry Price,Target Price,Stop Loss,Risk/Reward Ratio,Timeframe,Entry Point Type,Quality Score,Is Executed,Execution Price,Is Profitable,Profit/Loss,Performance %,Notes,Created At,Updated At
2021-02-20,00:00:00,AVAXUSDT,SELL,MODERATE,0.70,71.430000,60.715500,77.144400,1.87,1D,FALLBACK,0.70,No,N/A,N/A,N/A,N/A,Generated signal for AVAXUSDT,2021-02-20 00:00:00,2025-10-09 08:18:33
2021-02-25,00:00:00,AVAXUSDT,BUY,MODERATE,0.70,64.240000,73.876000,59.100800,1.88,1D,FALLBACK,0.70,No,N/A,N/A,N/A,N/A,Generated signal for AVAXUSDT,2021-02-25 00:00:00,2025-10-09 08:18:33
2021-02-26,00:00:00,AVAXUSDT,BUY,MODERATE,0.70,55.510000,63.836500,51.069200,1.88,1D,FALLBACK,0.70,No,N/A,N/A,N/A,N/A,Generated signal for AVAXUSDT,2021-02-26 00:00:00,2025-10-09 08:18:33
2021-03-01,00:00:00,AVAXUSDT,BUY,MODERATE,0.70,51.530000,59.259500,47.407600,1.87,1D,FALLBACK,0.70,No,N/A,N/A,N/A,N/A,Generated signal for AVAXUSDT,2021-03-01 00:00:00,2025-10-09 08:18:33
2021-03-16,00:00:00,AVAXUSDT,SELL,MODERATE,0.70,48.520000,41.242000,52.401600,1.87,1D,FALLBACK,0.70,No,N/A,N/A,N/A,N/A,Generated signal for AVAXUSDT,2021-03-16 00:00:00,2025-10-09 08:18:33
2021-03-20,00:00:00,AVAXUSDT,SELL,MODERATE,0.70,70.520000,59.942000,76.161600,1.87,1D,FALLBACK,0.70,No,N/A,N/A,N/A,N/A,Generated signal for AVAXUSDT,2021-03-20 00:00:00,2025-10-09 08:18:33
2021-03-21,00:00:00,AVAXUSDT,SELL,STRONG,0.80,50.390000,42.831500,54.421200,1.87,1D,FALLBACK,0.80,No,N/A,N/A,N/A,N/A,Generated signal for AVAXUSDT,2021-03-21 00:00:00,2025-10-09 08:18:33
2021-03-24,00:00:00,AVAXUSDT,SELL,MODERATE,0.70,64.330000,54.680500,69.476400,1.88,1D,FALLBACK,0.70,No,N/A,N/A,N/A,N/A,Generated signal for AVAXUSDT,2021-03-24 00:00:00,2025-10-09 08:18:33
2021-03-29,00:00:00,AVAXUSDT,SELL,MODERATE,0.70,71.110000,60.443500,76.798800,1.87,1D,FALLBACK,0.70,No,N/A,N/A,N/A,N/A,Generated signal for AVAXUSDT,2021-03-29 00:00:00,2025-10-09 08:18:33
2021-04-05,00:00:00,AVAXUSDT,BUY,MODERATE,0.70,52.250000,60.087500,48.070000,1.87,1D,FALLBACK,0.70,No,N/A,N/A,N/A,N/A,Generated signal for AVAXUSDT,2021-04-05 00:00:00,2025-10-09 08:18:33
2021-04-12,00:00:00,AVAXUSDT,BUY,MODERATE,0.70,67.120000,77.188000,61.750400,1.88,1D,FALLBACK,0.70,No,N/A,N/A,N/A,N/A,Generated signal for AVAXUSDT,2021-04-12 00:00:00,2025-10-09 08:18:33
2021-04-22,00:00:00,AVAXUSDT,BUY,MODERATE,0.70,65.530000,75.359500,60.287600,1.88,1D,FALLBACK,0.70,No,N/A,N/A,N/A,N/A,Generated signal for AVAXUSDT,2021-04-22 00:00:00,2025-10-09 08:18:33
2021-04-25,00:00:00,AVAXUSDT,BUY,MODERATE,0.70,49.070000,56.430500,45.144400,1.88,1D,FALLBACK,0.70,No,N/A,N/A,N/A,N/A,Generated signal for AVAXUSDT,2021-04-25 00:00:00,2025-10-09 08:18:33
2021-05-09,00:00:00,AVAXUSDT,SELL,MODERATE,0.70,50.440000,42.874000,54.475200,1.87,1D,FALLBACK,0.70,No,N/A,N/A,N/A,N/A,Generated signal for AVAXUSDT,2021-05-09 00:00:00,2025-10-09 08:18:33
2021-05-11,00:00:00,AVAXUSDT,SELL,MODERATE,0.70,54.200000,46.070000,58.536000,1.87,1D,FALLBACK,0.70,No,N/A,N/A,N/A,N/A,Generated signal for AVAXUSDT,2021-05-11 00:00:00,2025-10-09 08:18:33
2021-05-13,00:00:00,AVAXUSDT,SELL,MODERATE,0.70,60.370000,51.314500,65.199600,1.87,1D,FALLBACK,0.70,No,N/A,N/A,N/A,N/A,Generated signal for AVAXUSDT,2021-05-13 00:00:00,2025-10-09 08:18:33
2021-05-20,00:00:00,AVAXUSDT,SELL,MODERATE,0.70,59.830000,50.855500,64.616400,1.87,1D,FALLBACK,0.70,No,N/A,N/A,N/A,N/A,Generated signal for AVAXUSDT,2021-05-20 00:00:00,2025-10-09 08:18:33
2021-05-21,00:00:00,AVAXUSDT,SELL,MODERATE,0.70,56.070000,47.659500,60.555600,1.87,1D,FALLBACK,0.70,No,N/A,N/A,N/A,N/A,Generated signal for AVAXUSDT,2021-05-21 00:00:00,2025-10-09 08:18:33
2021-05-27,00:00:00,AVAXUSDT,SELL,MODERATE,0.70,66.500000,56.525000,71.820000,1.87,1D,FALLBACK,0.70,No,N/A,N/A,N/A,N/A,Generated signal for AVAXUSDT,2021-05-27 00:00:00,2025-10-09 08:18:33
2021-06-12,00:00:00,AVAXUSDT,BUY,MODERATE,0.70,53.190000,61.168500,48.934800,1.88,1D,FALLBACK,0.70,No,N/A,N/A,N/A,N/A,Generated signal for AVAXUSDT,2021-06-12 00:00:00,2025-10-09 08:18:33
2021-06-16,00:00:00,AVAXUSDT,BUY,MODERATE,0.70,59.280000,68.172000,54.537600,1.88,1D,FALLBACK,0.70,No,N/A,N/A,N/A,N/A,Generated signal for AVAXUSDT,2021-06-16 00:00:00,2025-10-09 08:18:33
2021-06-19,00:00:00,AVAXUSDT,BUY,MODERATE,0.70,57.930000,66.619500,53.295600,1.87,1D,FALLBACK,0.70,No,N/A,N/A,N/A,N/A,Generated signal for AVAXUSDT,2021-06-19 00:00:00,2025-10-09 08:18:33
2021-06-22,00:00:00,AVAXUSDT,BUY,MODERATE,0.70,51.810000,59.581500,47.665200,1.88,1D,FALLBACK,0.70,No,N/A,N/A,N/A,N/A,Generated signal for AVAXUSDT,2021-06-22 00:00:00,2025-10-09 08:18:33
2021-06-23,00:00:00,AVAXUSDT,BUY,MODERATE,0.70,67.310000,77.406500,61.925200,1.87,1D,FALLBACK,0.70,No,N/A,N/A,N/A,N/A,Generated signal for AVAXUSDT,2021-06-23 00:00:00,2025-10-09 08:18:33
2021-06-27,00:00:00,AVAXUSDT,BUY,MODERATE,0.70,48.720000,56.028000,44.822400,1.87,1D,FALLBACK,0.70,No,N/A,N/A,N/A,N/A,Generated signal for AVAXUSDT,2021-06-27 00:00:00,2025-10-09 08:18:33
2021-07-08,00:00:00,AVAXUSDT,BUY,MODERATE,0.70,55.740000,64.101000,51.280800,1.88,1D,FALLBACK,0.70,No,N/A,N/A,N/A,N/A,Generated signal for AVAXUSDT,2021-07-08 00:00:00,2025-10-09 08:18:33
2021-07-16,00:00:00,AVAXUSDT,BUY,MODERATE,0.70,50.470000,58.040500,46.432400,1.88,1D,FALLBACK,0.70,No,N/A,N/A,N/A,N/A,Generated signal for AVAXUSDT,2021-07-16 00:00:00,2025-10-09 08:18:33
2021-07-24,00:00:00,AVAXUSDT,SELL,MODERATE,0.70,70.090000,59.576500,75.697200,1.87,1D,FALLBACK,0.70,No,N/A,N/A,N/A,N/A,Generated signal for AVAXUSDT,2021-07-24 00:00:00,2025-10-09 08:18:33
2021-07-28,00:00:00,AVAXUSDT,BUY,MODERATE,0.70,51.550000,59.282500,47.426000,1.88,1D,FALLBACK,0.70,No,N/A,N/A,N/A,N/A,Generated signal for AVAXUSDT,2021-07-28 00:00:00,2025-10-09 08:18:33
2021-07-29,00:00:00,AVAXUSDT,BUY,MODERATE,0.70,58.180000,66.907000,53.525600,1.88,1D,FALLBACK,0.70,No,N/A,N/A,N/A,N/A,Generated signal for AVAXUSDT,2021-07-29 00:00:00,2025-10-09 08:18:33
2021-08-02,00:00:00,AVAXUSDT,BUY,STRONG,0.80,66.160000,76.084000,60.867200,1.87,1D,FALLBACK,0.80,No,N/A,N/A,N/A,N/A,Generated signal for AVAXUSDT,2021-08-02 00:00:00,2025-10-09 08:18:33
2021-08-17,00:00:00,AVAXUSDT,SELL,MODERATE,0.70,61.480000,52.258000,66.398400,1.88,1D,FALLBACK,0.70,No,N/A,N/A,N/A,N/A,Generated signal for AVAXUSDT,2021-08-17 00:00:00,2025-10-09 08:18:33
2021-08-22,00:00:00,AVAXUSDT,SELL,MODERATE,0.70,71.600000,60.860000,77.328000,1.87,1D,FALLBACK,0.70,No,N/A,N/A,N/A,N/A,Generated signal for AVAXUSDT,2021-08-22 00:00:00,2025-10-09 08:18:33
2021-08-23,00:00:00,AVAXUSDT,SELL,MODERATE,0.70,71.260000,60.571000,76.960800,1.87,1D,FALLBACK,0.70,No,N/A,N/A,N/A,N/A,Generated signal for AVAXUSDT,2021-08-23 00:00:00,2025-10-09 08:18:33
2021-08-30,00:00:00,AVAXUSDT,BUY,MODERATE,0.70,48.140000,55.361000,44.288800,1.87,1D,FALLBACK,0.70,No,N/A,N/A,N/A,N/A,Generated signal for AVAXUSDT,2021-08-30 00:00:00,2025-10-09 08:18:33
2021-09-06,00:00:00,AVAXUSDT,BUY,MODERATE,0.70,68.420000,78.683000,62.946400,1.87,1D,FALLBACK,0.70,No,N/A,N/A,N/A,N/A,Generated signal for AVAXUSDT,2021-09-06 00:00:00,2025-10-09 08:18:33
2021-09-12,00:00:00,AVAXUSDT,BUY,MODERATE,0.70,48.120000,55.338000,44.270400,1.88,1D,FALLBACK,0.70,No,N/A,N/A,N/A,N/A,Generated signal for AVAXUSDT,2021-09-12 00:00:00,2025-10-09 08:18:33
2021-09-15,00:00:00,AVAXUSDT,BUY,MODERATE,0.70,65.540000,75.371000,60.296800,1.87,1D,FALLBACK,0.70,No,N/A,N/A,N/A,N/A,Generated signal for AVAXUSDT,2021-09-15 00:00:00,2025-10-09 08:18:33
2021-09-16,00:00:00,AVAXUSDT,BUY,MODERATE,0.70,71.270000,81.960500,65.568400,1.88,1D,FALLBACK,0.70,No,N/A,N/A,N/A,N/A,Generated signal for AVAXUSDT,2021-09-16 00:00:00,2025-10-09 08:18:33
2021-09-23,00:00:00,AVAXUSDT,BUY,MODERATE,0.70,69.050000,79.407500,63.526000,1.87,1D,FALLBACK,0.70,No,N/A,N/A,N/A,N/A,Generated signal for AVAXUSDT,2021-09-23 00:00:00,2025-10-09 08:18:33
2021-09-24,00:00:00,AVAXUSDT,BUY,MODERATE,0.70,70.920000,81.558000,65.246400,1.88,1D,FALLBACK,0.70,No,N/A,N/A,N/A,N/A,Generated signal for AVAXUSDT,2021-09-24 00:00:00,2025-10-09 08:18:33
2021-10-03,00:00:00,AVAXUSDT,BUY,MODERATE,0.70,69.070000,79.430500,63.544400,1.87,1D,FALLBACK,0.70,No,N/A,N/A,N/A,N/A,Generated signal for AVAXUSDT,2021-10-03 00:00:00,2025-10-09 08:18:33
2021-10-12,00:00:00,AVAXUSDT,SELL,MODERATE,0.70,66.890000,56.856500,72.241200,1.87,1D,FALLBACK,0.70,No,N/A,N/A,N/A,N/A,Generated signal for AVAXUSDT,2021-10-12 00:00:00,2025-10-09 08:18:33
2021-10-13,00:00:00,AVAXUSDT,SELL,MODERATE,0.70,53.800000,45.730000,58.104000,1.87,1D,FALLBACK,0.70,No,N/A,N/A,N/A,N/A,Generated signal for AVAXUSDT,2021-10-13 00:00:00,2025-10-09 08:18:33
2021-10-19,00:00:00,AVAXUSDT,SELL,MODERATE,0.70,61.060000,51.901000,65.944800,1.88,1D,FALLBACK,0.70,No,N/A,N/A,N/A,N/A,Generated signal for AVAXUSDT,2021-10-19 00:00:00,2025-10-09 08:18:33
2021-10-20,00:00:00,AVAXUSDT,SELL,MODERATE,0.70,54.420000,46.257000,58.773600,1.87,1D,FALLBACK,0.70,No,N/A,N/A,N/A,N/A,Generated signal for AVAXUSDT,2021-10-20 00:00:00,2025-10-09 08:18:33
2021-10-22,00:00:00,AVAXUSDT,SELL,MODERATE,0.70,48.090000,40.876500,51.937200,1.88,1D,FALLBACK,0.70,No,N/A,N/A,N/A,N/A,Generated signal for AVAXUSDT,2021-10-22 00:00:00,2025-10-09 08:18:33
2021-11-01,00:00:00,AVAXUSDT,SELL,MODERATE,0.70,68.190000,57.961500,73.645200,1.87,1D,FALLBACK,0.70,No,N/A,N/A,N/A,N/A,Generated signal for AVAXUSDT,2021-11-01 00:00:00,2025-10-09 08:18:33
2021-11-03,00:00:00,AVAXUSDT,SELL,MODERATE,0.70,50.450000,42.882500,54.486000,1.88,1D,FALLBACK,0.70,No,N/A,N/A,N/A,N/A,Generated signal for AVAXUSDT,2021-11-03 00:00:00,2025-10-09 08:18:33
2021-11-09,00:00:00,AVAXUSDT,SELL,MODERATE,0.70,55.390000,47.081500,59.821200,1.87,1D,FALLBACK,0.70,No,N/A,N/A,N/A,N/A,Generated signal for AVAXUSDT,2021-11-09 00:00:00,2025-10-09 08:18:33
2021-11-10,00:00:00,AVAXUSDT,SELL,MODERATE,0.70,70.150000,59.627500,75.762000,1.87,1D,FALLBACK,0.70,No,N/A,N/A,N/A,N/A,Generated signal for AVAXUSDT,2021-11-10 00:00:00,2025-10-09 08:18:33
2021-11-24,00:00:00,AVAXUSDT,BUY,MODERATE,0.70,52.520000,60.398000,48.318400,1.87,1D,FALLBACK,0.70,No,N/A,N/A,N/A,N/A,Generated signal for AVAXUSDT,2021-11-24 00:00:00,2025-10-09 08:18:33
2021-11-26,00:00:00,AVAXUSDT,SELL,MODERATE,0.70,60.450000,51.382500,65.286000,1.88,1D,FALLBACK,0.70,No,N/A,N/A,N/A,N/A,Generated signal for AVAXUSDT,2021-11-26 00:00:00,2025-10-09 08:18:33
2021-11-27,00:00:00,AVAXUSDT,SELL,MODERATE,0.70,71.500000,60.775000,77.220000,1.88,1D,FALLBACK,0.70,No,N/A,N/A,N/A,N/A,Generated signal for AVAXUSDT,2021-11-27 00:00:00,2025-10-09 08:18:33
2021-11-28,00:00:00,AVAXUSDT,SELL,MODERATE,0.70,70.350000,59.797500,75.978000,1.88,1D,FALLBACK,0.70,No,N/A,N/A,N/A,N/A,Generated signal for AVAXUSDT,2021-11-28 00:00:00,2025-10-09 08:18:33
2021-12-02,00:00:00,AVAXUSDT,SELL,STRONG,0.80,68.040000,57.834000,73.483200,1.87,1D,FALLBACK,0.80,No,N/A,N/A,N/A,N/A,Generated signal for AVAXUSDT,2021-12-02 00:00:00,2025-10-09 08:18:33
2021-12-11,00:00:00,AVAXUSDT,BUY,MODERATE,0.70,60.420000,69.483000,55.586400,1.87,1D,FALLBACK,0.70,No,N/A,N/A,N/A,N/A,Generated signal for AVAXUSDT,2021-12-11 00:00:00,2025-10-09 08:18:33
2021-12-18,00:00:00,AVAXUSDT,BUY,MODERATE,0.70,69.460000,79.879000,63.903200,1.88,1D,FALLBACK,0.70,No,N/A,N/A,N/A,N/A,Generated signal for AVAXUSDT,2021-12-18 00:00:00,2025-10-09 08:18:33
2021-12-23,00:00:00,AVAXUSDT,BUY,MODERATE,0.70,65.960000,75.854000,60.683200,1.88,1D,FALLBACK,0.70,No,N/A,N/A,N/A,N/A,Generated signal for AVAXUSDT,2021-12-23 00:00:00,2025-10-09 08:18:33
2021-12-29,00:00:00,AVAXUSDT,BUY,MODERATE,0.70,53.890000,61.973500,49.578800,1.87,1D,FALLBACK,0.70,No,N/A,N/A,N/A,N/A,Generated signal for AVAXUSDT,2021-12-29 00:00:00,2025-10-09 08:18:33
2021-12-30,00:00:00,AVAXUSDT,BUY,MODERATE,0.70,63.980000,73.577000,58.861600,1.87,1D,FALLBACK,0.70,No,N/A,N/A,N/A,N/A,Generated signal for AVAXUSDT,2021-12-30 00:00:00,2025-10-09 08:18:33
2021-12-31,00:00:00,AVAXUSDT,BUY,MODERATE,0.70,63.570000,73.105500,58.484400,1.87,1D,FALLBACK,0.70,No,N/A,N/A,N/A,N/A,Generated signal for AVAXUSDT,2021-12-31 00:00:00,2025-10-09 08:18:33
2022-01-13,00:00:00,AVAXUSDT,SELL,MODERATE,0.70,38.620000,32.827000,41.709600,1.87,1D,FALLBACK,0.70,No,N/A,N/A,N/A,N/A,Generated signal for AVAXUSDT,2022-01-13 00:00:00,2025-10-09 08:18:33
2022-01-15,00:00:00,AVAXUSDT,SELL,MODERATE,0.70,40.440000,34.374000,43.675200,1.87,1D,FALLBACK,0.70,No,N/A,N/A,N/A,N/A,Generated signal for AVAXUSDT,2022-01-15 00:00:00,2025-10-09 08:18:33
2022-01-17,00:00:00,AVAXUSDT,SELL,MODERATE,0.70,43.260000,36.771000,46.720800,1.87,1D,FALLBACK,0.70,No,N/A,N/A,N/A,N/A,Generated signal for AVAXUSDT,2022-01-17 00:00:00,2025-10-09 08:18:33
2022-01-21,00:00:00,AVAXUSDT,SELL,MODERATE,0.70,39.710000,33.753500,42.886800,1.87,1D,FALLBACK,0.70,No,N/A,N/A,N/A,N/A,Generated signal for AVAXUSDT,2022-01-21 00:00:00,2025-10-09 08:18:33
2022-01-28,00:00:00,AVAXUSDT,SELL,MODERATE,0.70,44.900000,38.165000,48.492000,1.87,1D,FALLBACK,0.70,No,N/A,N/A,N/A,N/A,Generated signal for AVAXUSDT,2022-01-28 00:00:00,2025-10-09 08:18:33
2022-01-30,00:00:00,AVAXUSDT,SELL,MODERATE,0.70,43.580000,37.043000,47.066400,1.87,1D,FALLBACK,0.70,No,N/A,N/A,N/A,N/A,Generated signal for AVAXUSDT,2022-01-30 00:00:00,2025-10-09 08:18:33
2022-02-12,00:00:00,AVAXUSDT,SELL,MODERATE,0.70,43.770000,37.204500,47.271600,1.87,1D,FALLBACK,0.70,No,N/A,N/A,N/A,N/A,Generated signal for AVAXUSDT,2022-02-12 00:00:00,2025-10-09 08:18:33
2022-02-13,00:00:00,AVAXUSDT,SELL,MODERATE,0.70,45.270000,38.479500,48.891600,1.88,1D,FALLBACK,0.70,No,N/A,N/A,N/A,N/A,Generated signal for AVAXUSDT,2022-02-13 00:00:00,2025-10-09 08:18:33
2022-02-14,00:00:00,AVAXUSDT,SELL,MODERATE,0.70,44.860000,38.131000,48.448800,1.87,1D,FALLBACK,0.70,No,N/A,N/A,N/A,N/A,Generated signal for AVAXUSDT,2022-02-14 00:00:00,2025-10-09 08:18:33
2022-02-19,00:00:00,AVAXUSDT,BUY,MODERATE,0.70,38.390000,44.148500,35.318800,1.88,1D,FALLBACK,0.70,No,N/A,N/A,N/A,N/A,Generated signal for AVAXUSDT,2022-02-19 00:00:00,2025-10-09 08:18:33
2022-02-23,00:00:00,AVAXUSDT,SELL,MODERATE,0.70,41.180000,35.003000,44.474400,1.87,1D,FALLBACK,0.70,No,N/A,N/A,N/A,N/A,Generated signal for AVAXUSDT,2022-02-23 00:00:00,2025-10-09 08:18:33
2022-03-07,00:00:00,AVAXUSDT,SELL,MODERATE,0.70,46.750000,39.737500,50.490000,1.87,1D,FALLBACK,0.70,No,N/A,N/A,N/A,N/A,Generated signal for AVAXUSDT,2022-03-07 00:00:00,2025-10-09 08:18:33
2022-03-08,00:00:00,AVAXUSDT,SELL,MODERATE,0.70,46.520000,39.542000,50.241600,1.87,1D,FALLBACK,0.70,No,N/A,N/A,N/A,N/A,Generated signal for AVAXUSDT,2022-03-08 00:00:00,2025-10-09 08:18:33
2022-03-10,00:00:00,AVAXUSDT,SELL,MODERATE,0.70,47.700000,40.545000,51.516000,1.87,1D,FALLBACK,0.70,No,N/A,N/A,N/A,N/A,Generated signal for AVAXUSDT,2022-03-10 00:00:00,2025-10-09 08:18:33
2022-03-12,00:00:00,AVAXUSDT,SELL,MODERATE,0.70,41.950000,35.657500,45.306000,1.88,1D,FALLBACK,0.70,No,N/A,N/A,N/A,N/A,Generated signal for AVAXUSDT,2022-03-12 00:00:00,2025-10-09 08:18:33
2022-03-16,00:00:00,AVAXUSDT,SELL,MODERATE,0.70,40.020000,34.017000,43.221600,1.87,1D,FALLBACK,0.70,No,N/A,N/A,N/A,N/A,Generated signal for AVAXUSDT,2022-03-16 00:00:00,2025-10-09 08:18:33
2022-03-17,00:00:00,AVAXUSDT,SELL,STRONG,0.80,37.140000,31.569000,40.111200,1.87,1D,FALLBACK,0.80,No,N/A,N/A,N/A,N/A,Generated signal for AVAXUSDT,2022-03-17 00:00:00,2025-10-09 08:18:33
2022-03-23,00:00:00,AVAXUSDT,BUY,MODERATE,0.70,33.490000,38.513500,30.810800,1.88,1D,FALLBACK,0.70,No,N/A,N/A,N/A,N/A,Generated signal for AVAXUSDT,2022-03-23 00:00:00,2025-10-09 08:18:33
2022-03-24,00:00:00,AVAXUSDT,BUY,MODERATE,0.70,44.150000,50.772500,40.618000,1.88,1D,FALLBACK,0.70,No,N/A,N/A,N/A,N/A,Generated signal for AVAXUSDT,2022-03-24 00:00:00,2025-10-09 08:18:33
2022-03-28,00:00:00,AVAXUSDT,BUY,MODERATE,0.70,37.080000,42.642000,34.113600,1.87,1D,FALLBACK,0.70,No,N/A,N/A,N/A,N/A,Generated signal for AVAXUSDT,2022-03-28 00:00:00,2025-10-09 08:18:33
2022-03-29,00:00:00,AVAXUSDT,BUY,MODERATE,0.70,36.110000,41.526500,33.221200,1.88,1D,FALLBACK,0.70,No,N/A,N/A,N/A,N/A,Generated signal for AVAXUSDT,2022-03-29 00:00:00,2025-10-09 08:18:33
2022-04-06,00:00:00,AVAXUSDT,BUY,MODERATE,0.70,32.780000,37.697000,30.157600,1.87,1D,FALLBACK,0.70,No,N/A,N/A,N/A,N/A,Generated signal for AVAXUSDT,2022-04-06 00:00:00,2025-10-09 08:18:33
2022-04-13,00:00:00,AVAXUSDT,BUY,MODERATE,0.70,43.580000,50.117000,40.093600,1.88,1D,FALLBACK,0.70,No,N/A,N/A,N/A,N/A,Generated signal for AVAXUSDT,2022-04-13 00:00:00,2025-10-09 08:18:33
2022-04-16,00:00:00,AVAXUSDT,BUY,MODERATE,0.70,38.200000,43.930000,35.144000,1.88,1D,FALLBACK,0.70,No,N/A,N/A,N/A,N/A,Generated signal for AVAXUSDT,2022-04-16 00:00:00,2025-10-09 08:18:33
2022-04-18,00:00:00,AVAXUSDT,BUY,MODERATE,0.70,47.640000,54.786000,43.828800,1.87,1D,FALLBACK,0.70,No,N/A,N/A,N/A,N/A,Generated signal for AVAXUSDT,2022-04-18 00:00:00,2025-10-09 08:18:33
2022-04-19,00:00:00,AVAXUSDT,BUY,MODERATE,0.70,33.920000,39.008000,31.206400,1.87,1D,FALLBACK,0.70,No,N/A,N/A,N/A,N/A,Generated signal for AVAXUSDT,2022-04-19 00:00:00,2025-10-09 08:18:33
2022-04-23,00:00:00,AVAXUSDT,BUY,MODERATE,0.70,36.400000,41.860000,33.488000,1.87,1D,FALLBACK,0.70,No,N/A,N/A,N/A,N/A,Generated signal for AVAXUSDT,2022-04-23 00:00:00,2025-10-09 08:18:33
2022-05-03,00:00:00,AVAXUSDT,SELL,MODERATE,0.70,32.820000,27.897000,35.445600,1.87,1D,FALLBACK,0.70,No,N/A,N/A,N/A,N/A,Generated signal for AVAXUSDT,2022-05-03 00:00:00,2025-10-09 08:18:33
2022-05-04,00:00:00,AVAXUSDT,SELL,MODERATE,0.70,44.580000,37.893000,48.146400,1.87,1D,FALLBACK,0.70,No,N/A,N/A,N/A,N/A,Generated signal for AVAXUSDT,2022-05-04 00:00:00,2025-10-09 08:18:33
2022-05-05,00:00:00,AVAXUSDT,SELL,MODERATE,0.70,35.140000,29.869000,37.951200,1.88,1D,FALLBACK,0.70,No,N/A,N/A,N/A,N/A,Generated signal for AVAXUSDT,2022-05-05 00:00:00,2025-10-09 08:18:33
2022-05-09,00:00:00,AVAXUSDT,SELL,STRONG,0.80,36.610000,31.118500,39.538800,1.87,1D,FALLBACK,0.80,No,N/A,N/A,N/A,N/A,Generated signal for AVAXUSDT,2022-05-09 00:00:00,2025-10-09 08:18:33
2022-05-11,00:00:00,AVAXUSDT,SELL,MODERATE,0.70,34.410000,29.248500,37.162800,1.87,1D,FALLBACK,0.70,No,N/A,N/A,N/A,N/A,Generated signal for AVAXUSDT,2022-05-11 00:00:00,2025-10-09 08:18:33
2022-05-12,00:00:00,AVAXUSDT,SELL,MODERATE,0.70,41.900000,35.615000,45.252000,1.87,1D,FALLBACK,0.70,No,N/A,N/A,N/A,N/A,Generated signal for AVAXUSDT,2022-05-12 00:00:00,2025-10-09 08:18:33
2022-05-13,00:00:00,AVAXUSDT,SELL,MODERATE,0.70,46.690000,39.686500,50.425200,1.87,1D,FALLBACK,0.70,No,N/A,N/A,N/A,N/A,Generated signal for AVAXUSDT,2022-05-13 00:00:00,2025-10-09 08:18:33
2022-05-14,00:00:00,AVAXUSDT,SELL,MODERATE,0.70,38.500000,32.725000,41.580000,1.87,1D,FALLBACK,0.70,No,N/A,N/A,N/A,N/A,Generated signal for AVAXUSDT,2022-05-14 00:00:00,2025-10-09 08:18:33
2022-05-15,00:00:00,AVAXUSDT,SELL,MODERATE,0.70,39.900000,33.915000,43.092000,1.87,1D,FALLBACK,0.70,No,N/A,N/A,N/A,N/A,Generated signal for AVAXUSDT,2022-05-15 00:00:00,2025-10-09 08:18:33
2022-05-17,00:00:00,AVAXUSDT,SELL,MODERATE,0.70,32.190000,27.361500,34.765200,1.87,1D,FALLBACK,0.70,No,N/A,N/A,N/A,N/A,Generated signal for AVAXUSDT,2022-05-17 00:00:00,2025-10-09 08:18:33
2022-05-23,00:00:00,AVAXUSDT,SELL,MODERATE,0.70,42.470000,36.099500,45.867600,1.87,1D,FALLBACK,0.70,No,N/A,N/A,N/A,N/A,Generated signal for AVAXUSDT,2022-05-23 00:00:00,2025-10-09 08:18:33
2022-05-24,00:00:00,AVAXUSDT,SELL,MODERATE,0.70,41.970000,35.674500,45.327600,1.87,1D,FALLBACK,0.70,No,N/A,N/A,N/A,N/A,Generated signal for AVAXUSDT,2022-05-24 00:00:00,2025-10-09 08:18:33
2022-05-26,00:00:00,AVAXUSDT,SELL,MODERATE,0.70,43.880000,37.298000,47.390400,1.87,1D,FALLBACK,0.70,No,N/A,N/A,N/A,N/A,Generated signal for AVAXUSDT,2022-05-26 00:00:00,2025-10-09 08:18:33
2022-06-01,00:00:00,AVAXUSDT,BUY,MODERATE,0.70,43.870000,50.450500,40.360400,1.87,1D,FALLBACK,0.70,No,N/A,N/A,N/A,N/A,Generated signal for AVAXUSDT,2022-06-01 00:00:00,2025-10-09 08:18:33
2022-06-02,00:00:00,AVAXUSDT,BUY,MODERATE,0.70,39.680000,45.632000,36.505600,1.88,1D,FALLBACK,0.70,No,N/A,N/A,N/A,N/A,Generated signal for AVAXUSDT,2022-06-02 00:00:00,2025-10-09 08:18:33
2022-06-03,00:00:00,AVAXUSDT,BUY,MODERATE,0.70,47.360000,54.464000,43.571200,1.88,1D,FALLBACK,0.70,No,N/A,N/A,N/A,N/A,Generated signal for AVAXUSDT,2022-06-03 00:00:00,2025-10-09 08:18:33
2022-06-08,00:00:00,AVAXUSDT,BUY,MODERATE,0.70,33.800000,38.870000,31.096000,1.87,1D,FALLBACK,0.70,No,N/A,N/A,N/A,N/A,Generated signal for AVAXUSDT,2022-06-08 00:00:00,2025-10-09 08:18:33
2022-06-17,00:00:00,AVAXUSDT,BUY,STRONG,0.80,44.780000,51.497000,41.197600,1.87,1D,FALLBACK,0.80,No,N/A,N/A,N/A,N/A,Generated signal for AVAXUSDT,2022-06-17 00:00:00,2025-10-09 08:18:33
2022-06-23,00:00:00,AVAXUSDT,BUY,MODERATE,0.70,44.980000,51.727000,41.381600,1.87,1D,FALLBACK,0.70,No,N/A,N/A,N/A,N/A,Generated signal for AVAXUSDT,2022-06-23 00:00:00,2025-10-09 08:18:33
2022-06-28,00:00:00,AVAXUSDT,SELL,MODERATE,0.70,32.530000,27.650500,35.132400,1.87,1D,FALLBACK,0.70,No,N/A,N/A,N/A,N/A,Generated signal for AVAXUSDT,2022-06-28 00:00:00,2025-10-09 08:18:33
2022-07-07,00:00:00,AVAXUSDT,BUY,STRONG,0.80,44.710000,51.416500,41.133200,1.88,1D,FALLBACK,0.80,No,N/A,N/A,N/A,N/A,Generated signal for AVAXUSDT,2022-07-07 00:00:00,2025-10-09 08:18:33
2022-07-13,00:00:00,AVAXUSDT,BUY,MODERATE,0.70,40.340000,46.391000,37.112800,1.88,1D,FALLBACK,0.70,No,N/A,N/A,N/A,N/A,Generated signal for AVAXUSDT,2022-07-13 00:00:00,2025-10-09 08:18:33
2022-07-15,00:00:00,AVAXUSDT,BUY,MODERATE,0.70,33.550000,38.582500,30.866000,1.88,1D,FALLBACK,0.70,No,N/A,N/A,N/A,N/A,Generated signal for AVAXUSDT,2022-07-15 00:00:00,2025-10-09 08:18:33
2022-07-29,00:00:00,AVAXUSDT,SELL,MODERATE,0.70,42.070000,35.759500,45.435600,1.87,1D,FALLBACK,0.70,No,N/A,N/A,N/A,N/A,Generated signal for AVAXUSDT,2022-07-29 00:00:00,2025-10-09 08:18:33
2022-07-30,00:00:00,AVAXUSDT,SELL,MODERATE,0.70,37.440000,31.824000,40.435200,1.87,1D,FALLBACK,0.70,No,N/A,N/A,N/A,N/A,Generated signal for AVAXUSDT,2022-07-30 00:00:00,2025-10-09 08:18:33
2022-07-31,00:00:00,AVAXUSDT,SELL,MODERATE,0.70,46.450000,39.482500,50.166000,1.87,1D,FALLBACK,0.70,No,N/A,N/A,N/A,N/A,Generated signal for AVAXUSDT,2022-07-31 00:00:00,2025-10-09 08:18:33
2022-08-07,00:00:00,AVAXUSDT,BUY,MODERATE,0.70,35.310000,40.606500,32.485200,1.88,1D,FALLBACK,0.70,No,N/A,N/A,N/A,N/A,Generated signal for AVAXUSDT,2022-08-07 00:00:00,2025-10-09 08:18:33
2022-08-08,00:00:00,AVAXUSDT,BUY,MODERATE,0.70,46.750000,53.762500,43.010000,1.88,1D,FALLBACK,0.70,No,N/A,N/A,N/A,N/A,Generated signal for AVAXUSDT,2022-08-08 00:00:00,2025-10-09 08:18:33
2022-08-20,00:00:00,AVAXUSDT,SELL,MODERATE,0.70,41.340000,35.139000,44.647200,1.87,1D,FALLBACK,0.70,No,N/A,N/A,N/A,N/A,Generated signal for AVAXUSDT,2022-08-20 00:00:00,2025-10-09 08:18:33
2022-08-21,00:00:00,AVAXUSDT,SELL,MODERATE,0.70,40.440000,34.374000,43.675200,1.87,1D,FALLBACK,0.70,No,N/A,N/A,N/A,N/A,Generated signal for AVAXUSDT,2022-08-21 00:00:00,2025-10-09 08:18:33
2022-08-23,00:00:00,AVAXUSDT,SELL,MODERATE,0.70,32.640000,27.744000,35.251200,1.87,1D,FALLBACK,0.70,No,N/A,N/A,N/A,N/A,Generated signal for AVAXUSDT,2022-08-23 00:00:00,2025-10-09 08:18:33
2022-08-24,00:00:00,AVAXUSDT,SELL,MODERATE,0.70,46.700000,39.695000,50.436000,1.87,1D,FALLBACK,0.70,No,N/A,N/A,N/A,N/A,Generated signal for AVAXUSDT,2022-08-24 00:00:00,2025-10-09 08:18:33
2022-09-02,00:00:00,AVAXUSDT,SELL,MODERATE,0.70,44.240000,37.604000,47.779200,1.88,1D,FALLBACK,0.70,No,N/A,N/A,N/A,N/A,Generated signal for AVAXUSDT,2022-09-02 00:00:00,2025-10-09 08:18:33
2022-09-10,00:00:00,AVAXUSDT,BUY,MODERATE,0.70,33.040000,37.996000,30.396800,1.87,1D,FALLBACK,0.70,No,N/A,N/A,N/A,N/A,Generated signal for AVAXUSDT,2022-09-10 00:00:00,2025-10-09 08:18:33
2022-09-12,00:00:00,AVAXUSDT,BUY,MODERATE,0.70,33.050000,38.007500,30.406000,1.87,1D,FALLBACK,0.70,No,N/A,N/A,N/A,N/A,Generated signal for AVAXUSDT,2022-09-12 00:00:00,2025-10-09 08:18:33
2022-09-13,00:00:00,AVAXUSDT,BUY,MODERATE,0.70,43.090000,49.553500,39.642800,1.88,1D,FALLBACK,0.70,No,N/A,N/A,N/A,N/A,Generated signal for AVAXUSDT,2022-09-13 00:00:00,2025-10-09 08:18:33
2022-09-17,00:00:00,AVAXUSDT,BUY,MODERATE,0.70,40.640000,46.736000,37.388800,1.88,1D,FALLBACK,0.70,No,N/A,N/A,N/A,N/A,Generated signal for AVAXUSDT,2022-09-17 00:00:00,2025-10-09 08:18:33
2022-09-23,00:00:00,AVAXUSDT,BUY,MODERATE,0.70,41.470000,47.690500,38.152400,1.87,1D,FALLBACK,0.70,No,N/A,N/A,N/A,N/A,Generated signal for AVAXUSDT,2022-09-23 00:00:00,2025-10-09 08:18:33
2022-09-29,00:00:00,AVAXUSDT,BUY,MODERATE,0.70,34.720000,39.928000,31.942400,1.87,1D,FALLBACK,0.70,No,N/A,N/A,N/A,N/A,Generated signal for AVAXUSDT,2022-09-29 00:00:00,2025-10-09 08:18:33
2022-10-01,00:00:00,AVAXUSDT,BUY,MODERATE,0.70,40.550000,46.632500,37.306000,1.87,1D,FALLBACK,0.70,No,N/A,N/A,N/A,N/A,Generated signal for AVAXUSDT,2022-10-01 00:00:00,2025-10-09 08:18:33
2022-10-07,00:00:00,AVAXUSDT,SELL,MODERATE,0.70,45.950000,39.057500,49.626000,1.87,1D,FALLBACK,0.70,No,N/A,N/A,N/A,N/A,Generated signal for AVAXUSDT,2022-10-07 00:00:00,2025-10-09 08:18:33
2022-10-08,00:00:00,AVAXUSDT,SELL,MODERATE,0.70,42.220000,35.887000,45.597600,1.87,1D,FALLBACK,0.70,No,N/A,N/A,N/A,N/A,Generated signal for AVAXUSDT,2022-10-08 00:00:00,2025-10-09 08:18:33
2022-10-09,00:00:00,AVAXUSDT,SELL,MODERATE,0.70,34.160000,29.036000,36.892800,1.87,1D,FALLBACK,0.70,No,N/A,N/A,N/A,N/A,Generated signal for AVAXUSDT,2022-10-09 00:00:00,2025-10-09 08:18:33
2022-10-12,00:00:00,AVAXUSDT,SELL,MODERATE,0.70,33.410000,28.398500,36.082800,1.87,1D,FALLBACK,0.70,No,N/A,N/A,N/A,N/A,Generated signal for AVAXUSDT,2022-10-12 00:00:00,2025-10-09 08:18:33
2022-10-13,00:00:00,AVAXUSDT,SELL,STRONG,0.80,44.180000,37.553000,47.714400,1.87,1D,FALLBACK,0.80,No,N/A,N/A,N/A,N/A,Generated signal for AVAXUSDT,2022-10-13 00:00:00,2025-10-09 08:18:33
2022-10-14,00:00:00,AVAXUSDT,SELL,MODERATE,0.70,46.000000,39.100000,49.680000,1.87,1D,FALLBACK,0.70,No,N/A,N/A,N/A,N/A,Generated signal for AVAXUSDT,2022-10-14 00:00:00,2025-10-09 08:18:33
2022-10-15,00:00:00,AVAXUSDT,SELL,MODERATE,0.70,44.240000,37.604000,47.779200,1.88,1D,FALLBACK,0.70,No,N/A,N/A,N/A,N/A,Generated signal for AVAXUSDT,2022-10-15 00:00:00,2025-10-09 08:18:33
2022-10-17,00:00:00,AVAXUSDT,SELL,MODERATE,0.70,43.290000,36.796500,46.753200,1.87,1D,FALLBACK,0.70,No,N/A,N/A,N/A,N/A,Generated signal for AVAXUSDT,2022-10-17 00:00:00,2025-10-09 08:18:33
2022-10-19,00:00:00,AVAXUSDT,SELL,MODERATE,0.70,33.150000,28.177500,35.802000,1.87,1D,FALLBACK,0.70,No,N/A,N/A,N/A,N/A,Generated signal for AVAXUSDT,2022-10-19 00:00:00,2025-10-09 08:18:33
2022-10-20,00:00:00,AVAXUSDT,SELL,MODERATE,0.70,43.320000,36.822000,46.785600,1.87,1D,FALLBACK,0.70,No,N/A,N/A,N/A,N/A,Generated signal for AVAXUSDT,2022-10-20 00:00:00,2025-10-09 08:18:33
2022-11-02,00:00:00,AVAXUSDT,BUY,MODERATE,0.70,44.280000,50.922000,40.737600,1.87,1D,FALLBACK,0.70,No,N/A,N/A,N/A,N/A,Generated signal for AVAXUSDT,2022-11-02 00:00:00,2025-10-09 08:18:33
2022-11-05,00:00:00,AVAXUSDT,SELL,MODERATE,0.70,34.080000,28.968000,36.806400,1.87,1D,FALLBACK,0.70,No,N/A,N/A,N/A,N/A,Generated signal for AVAXUSDT,2022-11-05 00:00:00,2025-10-09 08:18:33
2022-11-07,00:00:00,AVAXUSDT,SELL,MODERATE,0.70,40.900000,34.765000,44.172000,1.87,1D,FALLBACK,0.70,No,N/A,N/A,N/A,N/A,Generated signal for AVAXUSDT,2022-11-07 00:00:00,2025-10-09 08:18:33
2022-11-14,00:00:00,AVAXUSDT,BUY,MODERATE,0.70,46.800000,53.820000,43.056000,1.87,1D,FALLBACK,0.70,No,N/A,N/A,N/A,N/A,Generated signal for AVAXUSDT,2022-11-14 00:00:00,2025-10-09 08:18:33
2022-11-21,00:00:00,AVAXUSDT,SELL,MODERATE,0.70,35.610000,30.268500,38.458800,1.87,1D,FALLBACK,0.70,No,N/A,N/A,N/A,N/A,Generated signal for AVAXUSDT,2022-11-21 00:00:00,2025-10-09 08:18:33
2022-11-22,00:00:00,AVAXUSDT,SELL,MODERATE,0.70,45.590000,38.751500,49.237200,1.87,1D,FALLBACK,0.70,No,N/A,N/A,N/A,N/A,Generated signal for AVAXUSDT,2022-11-22 00:00:00,2025-10-09 08:18:33
2022-12-02,00:00:00,AVAXUSDT,SELL,MODERATE,0.70,46.380000,39.423000,50.090400,1.87,1D,FALLBACK,0.70,No,N/A,N/A,N/A,N/A,Generated signal for AVAXUSDT,2022-12-02 00:00:00,2025-10-09 08:18:33
2022-12-08,00:00:00,AVAXUSDT,BUY,MODERATE,0.70,43.500000,50.025000,40.020000,1.88,1D,FALLBACK,0.70,No,N/A,N/A,N/A,N/A,Generated signal for AVAXUSDT,2022-12-08 00:00:00,2025-10-09 08:18:33
2022-12-10,00:00:00,AVAXUSDT,BUY,MODERATE,0.70,35.100000,40.365000,32.292000,1.88,1D,FALLBACK,0.70,No,N/A,N/A,N/A,N/A,Generated signal for AVAXUSDT,2022-12-10 00:00:00,2025-10-09 08:18:33
2022-12-12,00:00:00,AVAXUSDT,BUY,MODERATE,0.70,36.120000,41.538000,33.230400,1.87,1D,FALLBACK,0.70,No,N/A,N/A,N/A,N/A,Generated signal for AVAXUSDT,2022-12-12 00:00:00,2025-10-09 08:18:33
2022-12-20,00:00:00,AVAXUSDT,BUY,MODERATE,0.70,44.280000,50.922000,40.737600,1.87,1D,FALLBACK,0.70,No,N/A,N/A,N/A,N/A,Generated signal for AVAXUSDT,2022-12-20 00:00:00,2025-10-09 08:18:33
2022-12-21,00:00:00,AVAXUSDT,BUY,MODERATE,0.70,39.420000,45.333000,36.266400,1.88,1D,FALLBACK,0.70,No,N/A,N/A,N/A,N/A,Generated signal for AVAXUSDT,2022-12-21 00:00:00,2025-10-09 08:18:33
2022-12-28,00:00:00,AVAXUSDT,SELL,MODERATE,0.70,41.410000,35.198500,44.722800,1.87,1D,FALLBACK,0.70,No,N/A,N/A,N/A,N/A,Generated signal for AVAXUSDT,2022-12-28 00:00:00,2025-10-09 08:18:33
2022-12-30,00:00:00,AVAXUSDT,SELL,MODERATE,0.70,45.580000,38.743000,49.226400,1.88,1D,FALLBACK,0.70,No,N/A,N/A,N/A,N/A,Generated signal for AVAXUSDT,2022-12-30 00:00:00,2025-10-09 08:18:33
