Date,Time,Symbol,Signal Type,Strength,Confidence Score,Entry Price,Target Price,Stop Loss,Risk/Reward Ratio,Timeframe,Entry Point Type,Quality Score,Is Executed,Execution Price,Is Profitable,Profit/Loss,Performance %,Notes,Created At,Updated At
2021-02-23,00:00:00,BNBUSDT,SELL,MODERATE,0.70,323.570000,275.034500,349.455600,1.87,1D,FALLBACK,0.70,No,N/A,N/A,N/A,N/A,Generated signal for BNBUSDT,2021-02-23 00:00:00,2025-10-09 06:31:40
2021-03-03,00:00:00,BNBUSDT,SELL,MODERATE,0.70,479.130000,407.260500,517.460400,1.87,1D,FALLBACK,0.70,No,N/A,N/A,N/A,N/A,Generated signal for BNBUSDT,2021-03-03 00:00:00,2025-10-09 06:31:40
2021-03-14,00:00:00,BNBUSDT,SELL,MODERATE,0.70,421.950000,358.657500,455.706000,1.87,1D,FALLBACK,0.70,No,N/A,N/A,N/A,N/A,Generated signal for BNBUSDT,2021-03-14 00:00:00,2025-10-09 06:31:40
2021-03-20,00:00:00,BNBUSDT,SELL,MODERATE,0.70,379.080000,322.218000,409.406400,1.87,1D,FALLBACK,0.70,No,N/A,N/A,N/A,N/A,Generated signal for BNBUSDT,2021-03-20 00:00:00,2025-10-09 06:31:40
2021-03-22,00:00:00,BNBUSDT,SELL,MODERATE,0.70,447.940000,380.749000,483.775200,1.87,1D,FALLBACK,0.70,No,N/A,N/A,N/A,N/A,Generated signal for BNBUSDT,2021-03-22 00:00:00,2025-10-09 06:31:40
2021-03-23,00:00:00,BNBUSDT,SELL,MODERATE,0.70,428.130000,363.910500,462.380400,1.87,1D,FALLBACK,0.70,No,N/A,N/A,N/A,N/A,Generated signal for BNBUSDT,2021-03-23 00:00:00,2025-10-09 06:31:40
2021-03-27,00:00:00,BNBUSDT,SELL,MODERATE,0.70,412.620000,350.727000,445.629600,1.87,1D,FALLBACK,0.70,No,N/A,N/A,N/A,N/A,Generated signal for BNBUSDT,2021-03-27 00:00:00,2025-10-09 06:31:40
2021-03-30,00:00:00,BNBUSDT,SELL,MODERATE,0.70,338.920000,288.082000,366.033600,1.87,1D,FALLBACK,0.70,No,N/A,N/A,N/A,N/A,Generated signal for BNBUSDT,2021-03-30 00:00:00,2025-10-09 06:31:40
2021-04-02,00:00:00,BNBUSDT,SELL,MODERATE,0.70,456.660000,388.161000,493.192800,1.88,1D,FALLBACK,0.70,No,N/A,N/A,N/A,N/A,Generated signal for BNBUSDT,2021-04-02 00:00:00,2025-10-09 06:31:40
2021-04-08,00:00:00,BNBUSDT,SELL,MODERATE,0.70,435.100000,369.835000,469.908000,1.87,1D,FALLBACK,0.70,No,N/A,N/A,N/A,N/A,Generated signal for BNBUSDT,2021-04-08 00:00:00,2025-10-09 06:31:40
2021-04-25,00:00:00,BNBUSDT,BUY,MODERATE,0.70,344.540000,396.221000,316.976800,1.87,1D,FALLBACK,0.70,No,N/A,N/A,N/A,N/A,Generated signal for BNBUSDT,2021-04-25 00:00:00,2025-10-09 06:31:40
2021-04-27,00:00:00,BNBUSDT,BUY,MODERATE,0.70,364.120000,418.738000,334.990400,1.88,1D,FALLBACK,0.70,No,N/A,N/A,N/A,N/A,Generated signal for BNBUSDT,2021-04-27 00:00:00,2025-10-09 06:31:40
2021-05-01,00:00:00,BNBUSDT,BUY,MODERATE,0.70,430.330000,494.879500,395.903600,1.87,1D,FALLBACK,0.70,No,N/A,N/A,N/A,N/A,Generated signal for BNBUSDT,2021-05-01 00:00:00,2025-10-09 06:31:40
2021-05-03,00:00:00,BNBUSDT,BUY,MODERATE,0.70,375.060000,431.319000,345.055200,1.87,1D,FALLBACK,0.70,No,N/A,N/A,N/A,N/A,Generated signal for BNBUSDT,2021-05-03 00:00:00,2025-10-09 06:31:40
2021-05-04,00:00:00,BNBUSDT,BUY,MODERATE,0.70,446.020000,512.923000,410.338400,1.87,1D,FALLBACK,0.70,No,N/A,N/A,N/A,N/A,Generated signal for BNBUSDT,2021-05-04 00:00:00,2025-10-09 06:31:40
2021-05-10,00:00:00,BNBUSDT,BUY,MODERATE,0.70,461.790000,531.058500,424.846800,1.87,1D,FALLBACK,0.70,No,N/A,N/A,N/A,N/A,Generated signal for BNBUSDT,2021-05-10 00:00:00,2025-10-09 06:31:40
2021-05-12,00:00:00,BNBUSDT,BUY,MODERATE,0.70,409.760000,471.224000,376.979200,1.87,1D,FALLBACK,0.70,No,N/A,N/A,N/A,N/A,Generated signal for BNBUSDT,2021-05-12 00:00:00,2025-10-09 06:31:40
2021-05-14,00:00:00,BNBUSDT,BUY,STRONG,0.80,462.190000,531.518500,425.214800,1.87,1D,FALLBACK,0.80,No,N/A,N/A,N/A,N/A,Generated signal for BNBUSDT,2021-05-14 00:00:00,2025-10-09 06:31:40
2021-05-25,00:00:00,BNBUSDT,BUY,MODERATE,0.70,468.770000,539.085500,431.268400,1.87,1D,FALLBACK,0.70,No,N/A,N/A,N/A,N/A,Generated signal for BNBUSDT,2021-05-25 00:00:00,2025-10-09 06:31:40
2021-05-31,00:00:00,BNBUSDT,SELL,MODERATE,0.70,394.190000,335.061500,425.725200,1.87,1D,FALLBACK,0.70,No,N/A,N/A,N/A,N/A,Generated signal for BNBUSDT,2021-05-31 00:00:00,2025-10-09 06:31:40
2021-06-04,00:00:00,BNBUSDT,SELL,STRONG,0.80,464.300000,394.655000,501.444000,1.87,1D,FALLBACK,0.80,No,N/A,N/A,N/A,N/A,Generated signal for BNBUSDT,2021-06-04 00:00:00,2025-10-09 06:31:40
2021-06-10,00:00:00,BNBUSDT,SELL,MODERATE,0.70,450.830000,383.205500,486.896400,1.87,1D,FALLBACK,0.70,No,N/A,N/A,N/A,N/A,Generated signal for BNBUSDT,2021-06-10 00:00:00,2025-10-09 06:31:40
2021-06-13,00:00:00,BNBUSDT,SELL,MODERATE,0.70,470.960000,400.316000,508.636800,1.87,1D,FALLBACK,0.70,No,N/A,N/A,N/A,N/A,Generated signal for BNBUSDT,2021-06-13 00:00:00,2025-10-09 06:31:40
2021-06-15,00:00:00,BNBUSDT,SELL,MODERATE,0.70,343.200000,291.720000,370.656000,1.87,1D,FALLBACK,0.70,No,N/A,N/A,N/A,N/A,Generated signal for BNBUSDT,2021-06-15 00:00:00,2025-10-09 06:31:40
2021-06-22,00:00:00,BNBUSDT,BUY,MODERATE,0.70,418.230000,480.964500,384.771600,1.88,1D,FALLBACK,0.70,No,N/A,N/A,N/A,N/A,Generated signal for BNBUSDT,2021-06-22 00:00:00,2025-10-09 06:31:40
2021-06-24,00:00:00,BNBUSDT,BUY,MODERATE,0.70,356.010000,409.411500,327.529200,1.87,1D,FALLBACK,0.70,No,N/A,N/A,N/A,N/A,Generated signal for BNBUSDT,2021-06-24 00:00:00,2025-10-09 06:31:40
2021-06-26,00:00:00,BNBUSDT,BUY,MODERATE,0.70,343.710000,395.266500,316.213200,1.87,1D,FALLBACK,0.70,No,N/A,N/A,N/A,N/A,Generated signal for BNBUSDT,2021-06-26 00:00:00,2025-10-09 06:31:40
2021-07-04,00:00:00,BNBUSDT,BUY,MODERATE,0.70,454.210000,522.341500,417.873200,1.87,1D,FALLBACK,0.70,No,N/A,N/A,N/A,N/A,Generated signal for BNBUSDT,2021-07-04 00:00:00,2025-10-09 06:31:40
2021-07-14,00:00:00,BNBUSDT,SELL,MODERATE,0.70,477.530000,405.900500,515.732400,1.87,1D,FALLBACK,0.70,No,N/A,N/A,N/A,N/A,Generated signal for BNBUSDT,2021-07-14 00:00:00,2025-10-09 06:31:40
2021-07-16,00:00:00,BNBUSDT,SELL,MODERATE,0.70,345.530000,293.700500,373.172400,1.87,1D,FALLBACK,0.70,No,N/A,N/A,N/A,N/A,Generated signal for BNBUSDT,2021-07-16 00:00:00,2025-10-09 06:31:40
2021-07-18,00:00:00,BNBUSDT,SELL,MODERATE,0.70,329.370000,279.964500,355.719600,1.88,1D,FALLBACK,0.70,No,N/A,N/A,N/A,N/A,Generated signal for BNBUSDT,2021-07-18 00:00:00,2025-10-09 06:31:40
2021-07-22,00:00:00,BNBUSDT,SELL,MODERATE,0.70,456.080000,387.668000,492.566400,1.88,1D,FALLBACK,0.70,No,N/A,N/A,N/A,N/A,Generated signal for BNBUSDT,2021-07-22 00:00:00,2025-10-09 06:31:40
2021-07-24,00:00:00,BNBUSDT,SELL,MODERATE,0.70,349.620000,297.177000,377.589600,1.87,1D,FALLBACK,0.70,No,N/A,N/A,N/A,N/A,Generated signal for BNBUSDT,2021-07-24 00:00:00,2025-10-09 06:31:40
2021-07-26,00:00:00,BNBUSDT,SELL,MODERATE,0.70,399.650000,339.702500,431.622000,1.87,1D,FALLBACK,0.70,No,N/A,N/A,N/A,N/A,Generated signal for BNBUSDT,2021-07-26 00:00:00,2025-10-09 06:31:40
2021-07-27,00:00:00,BNBUSDT,SELL,MODERATE,0.70,450.360000,382.806000,486.388800,1.87,1D,FALLBACK,0.70,No,N/A,N/A,N/A,N/A,Generated signal for BNBUSDT,2021-07-27 00:00:00,2025-10-09 06:31:40
2021-07-30,00:00:00,BNBUSDT,SELL,STRONG,0.80,355.590000,302.251500,384.037200,1.87,1D,FALLBACK,0.80,No,N/A,N/A,N/A,N/A,Generated signal for BNBUSDT,2021-07-30 00:00:00,2025-10-09 06:31:40
2021-08-08,00:00:00,BNBUSDT,BUY,MODERATE,0.70,322.390000,370.748500,296.598800,1.87,1D,FALLBACK,0.70,No,N/A,N/A,N/A,N/A,Generated signal for BNBUSDT,2021-08-08 00:00:00,2025-10-09 06:31:40
2021-08-10,00:00:00,BNBUSDT,BUY,MODERATE,0.70,367.180000,422.257000,337.805600,1.87,1D,FALLBACK,0.70,No,N/A,N/A,N/A,N/A,Generated signal for BNBUSDT,2021-08-10 00:00:00,2025-10-09 06:31:40
2021-08-16,00:00:00,BNBUSDT,BUY,MODERATE,0.70,381.150000,438.322500,350.658000,1.88,1D,FALLBACK,0.70,No,N/A,N/A,N/A,N/A,Generated signal for BNBUSDT,2021-08-16 00:00:00,2025-10-09 06:31:40
2021-08-19,00:00:00,BNBUSDT,BUY,MODERATE,0.70,358.120000,411.838000,329.470400,1.88,1D,FALLBACK,0.70,No,N/A,N/A,N/A,N/A,Generated signal for BNBUSDT,2021-08-19 00:00:00,2025-10-09 06:31:40
2021-08-24,00:00:00,BNBUSDT,SELL,STRONG,0.80,450.480000,382.908000,486.518400,1.87,1D,FALLBACK,0.80,No,N/A,N/A,N/A,N/A,Generated signal for BNBUSDT,2021-08-24 00:00:00,2025-10-09 06:31:40
2021-08-28,00:00:00,BNBUSDT,BUY,MODERATE,0.70,326.270000,375.210500,300.168400,1.88,1D,FALLBACK,0.70,No,N/A,N/A,N/A,N/A,Generated signal for BNBUSDT,2021-08-28 00:00:00,2025-10-09 06:31:40
2021-08-29,00:00:00,BNBUSDT,BUY,MODERATE,0.70,362.580000,416.967000,333.573600,1.87,1D,FALLBACK,0.70,No,N/A,N/A,N/A,N/A,Generated signal for BNBUSDT,2021-08-29 00:00:00,2025-10-09 06:31:40
2021-08-31,00:00:00,BNBUSDT,BUY,MODERATE,0.70,354.880000,408.112000,326.489600,1.87,1D,FALLBACK,0.70,No,N/A,N/A,N/A,N/A,Generated signal for BNBUSDT,2021-08-31 00:00:00,2025-10-09 06:31:40
2021-09-19,00:00:00,BNBUSDT,SELL,MODERATE,0.70,386.670000,328.669500,417.603600,1.87,1D,FALLBACK,0.70,No,N/A,N/A,N/A,N/A,Generated signal for BNBUSDT,2021-09-19 00:00:00,2025-10-09 06:31:40
2021-09-24,00:00:00,BNBUSDT,BUY,MODERATE,0.70,432.280000,497.122000,397.697600,1.87,1D,FALLBACK,0.70,No,N/A,N/A,N/A,N/A,Generated signal for BNBUSDT,2021-09-24 00:00:00,2025-10-09 06:31:40
2021-09-26,00:00:00,BNBUSDT,SELL,MODERATE,0.70,466.190000,396.261500,503.485200,1.87,1D,FALLBACK,0.70,No,N/A,N/A,N/A,N/A,Generated signal for BNBUSDT,2021-09-26 00:00:00,2025-10-09 06:31:40
2021-09-28,00:00:00,BNBUSDT,SELL,MODERATE,0.70,450.210000,382.678500,486.226800,1.87,1D,FALLBACK,0.70,No,N/A,N/A,N/A,N/A,Generated signal for BNBUSDT,2021-09-28 00:00:00,2025-10-09 06:31:40
2021-09-29,00:00:00,BNBUSDT,SELL,MODERATE,0.70,405.790000,344.921500,438.253200,1.87,1D,FALLBACK,0.70,No,N/A,N/A,N/A,N/A,Generated signal for BNBUSDT,2021-09-29 00:00:00,2025-10-09 06:31:40
2021-10-02,00:00:00,BNBUSDT,SELL,MODERATE,0.70,362.050000,307.742500,391.014000,1.88,1D,FALLBACK,0.70,No,N/A,N/A,N/A,N/A,Generated signal for BNBUSDT,2021-10-02 00:00:00,2025-10-09 06:31:40
2021-10-08,00:00:00,BNBUSDT,SELL,MODERATE,0.70,348.290000,296.046500,376.153200,1.87,1D,FALLBACK,0.70,No,N/A,N/A,N/A,N/A,Generated signal for BNBUSDT,2021-10-08 00:00:00,2025-10-09 06:31:40
2021-10-11,00:00:00,BNBUSDT,SELL,MODERATE,0.70,349.380000,296.973000,377.330400,1.87,1D,FALLBACK,0.70,No,N/A,N/A,N/A,N/A,Generated signal for BNBUSDT,2021-10-11 00:00:00,2025-10-09 06:31:40
2021-10-17,00:00:00,BNBUSDT,SELL,MODERATE,0.70,399.450000,339.532500,431.406000,1.87,1D,FALLBACK,0.70,No,N/A,N/A,N/A,N/A,Generated signal for BNBUSDT,2021-10-17 00:00:00,2025-10-09 06:31:40
2021-10-25,00:00:00,BNBUSDT,SELL,MODERATE,0.70,408.440000,347.174000,441.115200,1.87,1D,FALLBACK,0.70,No,N/A,N/A,N/A,N/A,Generated signal for BNBUSDT,2021-10-25 00:00:00,2025-10-09 06:31:40
2021-10-26,00:00:00,BNBUSDT,SELL,MODERATE,0.70,440.740000,374.629000,475.999200,1.87,1D,FALLBACK,0.70,No,N/A,N/A,N/A,N/A,Generated signal for BNBUSDT,2021-10-26 00:00:00,2025-10-09 06:31:40
2021-10-31,00:00:00,BNBUSDT,BUY,MODERATE,0.70,383.160000,440.634000,352.507200,1.87,1D,FALLBACK,0.70,No,N/A,N/A,N/A,N/A,Generated signal for BNBUSDT,2021-10-31 00:00:00,2025-10-09 06:31:40
2021-11-09,00:00:00,BNBUSDT,BUY,MODERATE,0.70,467.270000,537.360500,429.888400,1.87,1D,FALLBACK,0.70,No,N/A,N/A,N/A,N/A,Generated signal for BNBUSDT,2021-11-09 00:00:00,2025-10-09 06:31:40
2021-11-12,00:00:00,BNBUSDT,BUY,MODERATE,0.70,348.860000,401.189000,320.951200,1.87,1D,FALLBACK,0.70,No,N/A,N/A,N/A,N/A,Generated signal for BNBUSDT,2021-11-12 00:00:00,2025-10-09 06:31:40
2021-11-18,00:00:00,BNBUSDT,SELL,MODERATE,0.70,386.960000,328.916000,417.916800,1.87,1D,FALLBACK,0.70,No,N/A,N/A,N/A,N/A,Generated signal for BNBUSDT,2021-11-18 00:00:00,2025-10-09 06:31:40
2021-11-21,00:00:00,BNBUSDT,SELL,MODERATE,0.70,345.440000,293.624000,373.075200,1.88,1D,FALLBACK,0.70,No,N/A,N/A,N/A,N/A,Generated signal for BNBUSDT,2021-11-21 00:00:00,2025-10-09 06:31:40
2021-11-27,00:00:00,BNBUSDT,BUY,MODERATE,0.70,325.130000,373.899500,299.119600,1.87,1D,FALLBACK,0.70,No,N/A,N/A,N/A,N/A,Generated signal for BNBUSDT,2021-11-27 00:00:00,2025-10-09 06:31:40
2021-11-28,00:00:00,BNBUSDT,BUY,STRONG,0.80,450.760000,518.374000,414.699200,1.87,1D,FALLBACK,0.80,No,N/A,N/A,N/A,N/A,Generated signal for BNBUSDT,2021-11-28 00:00:00,2025-10-09 06:31:40
2021-12-04,00:00:00,BNBUSDT,BUY,MODERATE,0.70,354.100000,407.215000,325.772000,1.88,1D,FALLBACK,0.70,No,N/A,N/A,N/A,N/A,Generated signal for BNBUSDT,2021-12-04 00:00:00,2025-10-09 06:31:40
2021-12-06,00:00:00,BNBUSDT,BUY,MODERATE,0.70,341.800000,393.070000,314.456000,1.87,1D,FALLBACK,0.70,No,N/A,N/A,N/A,N/A,Generated signal for BNBUSDT,2021-12-06 00:00:00,2025-10-09 06:31:40
2021-12-07,00:00:00,BNBUSDT,BUY,MODERATE,0.70,416.080000,478.492000,382.793600,1.88,1D,FALLBACK,0.70,No,N/A,N/A,N/A,N/A,Generated signal for BNBUSDT,2021-12-07 00:00:00,2025-10-09 06:31:40
2021-12-09,00:00:00,BNBUSDT,BUY,MODERATE,0.70,402.140000,462.461000,369.968800,1.87,1D,FALLBACK,0.70,No,N/A,N/A,N/A,N/A,Generated signal for BNBUSDT,2021-12-09 00:00:00,2025-10-09 06:31:40
2021-12-12,00:00:00,BNBUSDT,BUY,MODERATE,0.70,343.790000,395.358500,316.286800,1.87,1D,FALLBACK,0.70,No,N/A,N/A,N/A,N/A,Generated signal for BNBUSDT,2021-12-12 00:00:00,2025-10-09 06:31:40
2021-12-17,00:00:00,BNBUSDT,BUY,MODERATE,0.70,321.300000,369.495000,295.596000,1.87,1D,FALLBACK,0.70,No,N/A,N/A,N/A,N/A,Generated signal for BNBUSDT,2021-12-17 00:00:00,2025-10-09 06:31:40
2021-12-18,00:00:00,BNBUSDT,BUY,MODERATE,0.70,323.130000,371.599500,297.279600,1.88,1D,FALLBACK,0.70,No,N/A,N/A,N/A,N/A,Generated signal for BNBUSDT,2021-12-18 00:00:00,2025-10-09 06:31:40
2021-12-22,00:00:00,BNBUSDT,BUY,MODERATE,0.70,461.530000,530.759500,424.607600,1.87,1D,FALLBACK,0.70,No,N/A,N/A,N/A,N/A,Generated signal for BNBUSDT,2021-12-22 00:00:00,2025-10-09 06:31:40
2021-12-24,00:00:00,BNBUSDT,BUY,MODERATE,0.70,385.850000,443.727500,354.982000,1.87,1D,FALLBACK,0.70,No,N/A,N/A,N/A,N/A,Generated signal for BNBUSDT,2021-12-24 00:00:00,2025-10-09 06:31:40
2021-12-29,00:00:00,BNBUSDT,BUY,MODERATE,0.70,345.490000,397.313500,317.850800,1.88,1D,FALLBACK,0.70,No,N/A,N/A,N/A,N/A,Generated signal for BNBUSDT,2021-12-29 00:00:00,2025-10-09 06:31:40
2022-01-01,00:00:00,BNBUSDT,BUY,MODERATE,0.70,300.810000,345.931500,276.745200,1.87,1D,FALLBACK,0.70,No,N/A,N/A,N/A,N/A,Generated signal for BNBUSDT,2022-01-01 00:00:00,2025-10-09 06:31:40
2022-01-16,00:00:00,BNBUSDT,SELL,MODERATE,0.70,353.570000,300.534500,381.855600,1.87,1D,FALLBACK,0.70,No,N/A,N/A,N/A,N/A,Generated signal for BNBUSDT,2022-01-16 00:00:00,2025-10-09 06:31:40
2022-01-19,00:00:00,BNBUSDT,SELL,MODERATE,0.70,294.850000,250.622500,318.438000,1.87,1D,FALLBACK,0.70,No,N/A,N/A,N/A,N/A,Generated signal for BNBUSDT,2022-01-19 00:00:00,2025-10-09 06:31:40
2022-01-21,00:00:00,BNBUSDT,SELL,MODERATE,0.70,328.340000,279.089000,354.607200,1.87,1D,FALLBACK,0.70,No,N/A,N/A,N/A,N/A,Generated signal for BNBUSDT,2022-01-21 00:00:00,2025-10-09 06:31:40
2022-01-22,00:00:00,BNBUSDT,SELL,MODERATE,0.70,343.270000,291.779500,370.731600,1.87,1D,FALLBACK,0.70,No,N/A,N/A,N/A,N/A,Generated signal for BNBUSDT,2022-01-22 00:00:00,2025-10-09 06:31:40
2022-01-23,00:00:00,BNBUSDT,SELL,MODERATE,0.70,283.140000,240.669000,305.791200,1.87,1D,FALLBACK,0.70,No,N/A,N/A,N/A,N/A,Generated signal for BNBUSDT,2022-01-23 00:00:00,2025-10-09 06:31:40
2022-01-31,00:00:00,BNBUSDT,SELL,MODERATE,0.70,335.650000,285.302500,362.502000,1.87,1D,FALLBACK,0.70,No,N/A,N/A,N/A,N/A,Generated signal for BNBUSDT,2022-01-31 00:00:00,2025-10-09 06:31:40
2022-02-12,00:00:00,BNBUSDT,SELL,STRONG,0.80,328.750000,279.437500,355.050000,1.87,1D,FALLBACK,0.80,No,N/A,N/A,N/A,N/A,Generated signal for BNBUSDT,2022-02-12 00:00:00,2025-10-09 06:31:40
2022-02-14,00:00:00,BNBUSDT,SELL,MODERATE,0.70,356.620000,303.127000,385.149600,1.87,1D,FALLBACK,0.70,No,N/A,N/A,N/A,N/A,Generated signal for BNBUSDT,2022-02-14 00:00:00,2025-10-09 06:31:40
2022-02-15,00:00:00,BNBUSDT,SELL,MODERATE,0.70,256.190000,217.761500,276.685200,1.87,1D,FALLBACK,0.70,No,N/A,N/A,N/A,N/A,Generated signal for BNBUSDT,2022-02-15 00:00:00,2025-10-09 06:31:40
2022-02-17,00:00:00,BNBUSDT,SELL,MODERATE,0.70,357.890000,304.206500,386.521200,1.87,1D,FALLBACK,0.70,No,N/A,N/A,N/A,N/A,Generated signal for BNBUSDT,2022-02-17 00:00:00,2025-10-09 06:31:40
2022-02-27,00:00:00,BNBUSDT,BUY,MODERATE,0.70,254.350000,292.502500,234.002000,1.88,1D,FALLBACK,0.70,No,N/A,N/A,N/A,N/A,Generated signal for BNBUSDT,2022-02-27 00:00:00,2025-10-09 06:31:40
2022-02-28,00:00:00,BNBUSDT,BUY,MODERATE,0.70,333.210000,383.191500,306.553200,1.88,1D,FALLBACK,0.70,No,N/A,N/A,N/A,N/A,Generated signal for BNBUSDT,2022-02-28 00:00:00,2025-10-09 06:31:40
2022-03-03,00:00:00,BNBUSDT,BUY,MODERATE,0.70,324.870000,373.600500,298.880400,1.87,1D,FALLBACK,0.70,No,N/A,N/A,N/A,N/A,Generated signal for BNBUSDT,2022-03-03 00:00:00,2025-10-09 06:31:40
2022-03-04,00:00:00,BNBUSDT,BUY,MODERATE,0.70,272.720000,313.628000,250.902400,1.87,1D,FALLBACK,0.70,No,N/A,N/A,N/A,N/A,Generated signal for BNBUSDT,2022-03-04 00:00:00,2025-10-09 06:31:40
2022-03-16,00:00:00,BNBUSDT,SELL,MODERATE,0.70,333.700000,283.645000,360.396000,1.87,1D,FALLBACK,0.70,No,N/A,N/A,N/A,N/A,Generated signal for BNBUSDT,2022-03-16 00:00:00,2025-10-09 06:31:40
2022-03-17,00:00:00,BNBUSDT,SELL,MODERATE,0.70,327.340000,278.239000,353.527200,1.87,1D,FALLBACK,0.70,No,N/A,N/A,N/A,N/A,Generated signal for BNBUSDT,2022-03-17 00:00:00,2025-10-09 06:31:40
2022-03-18,00:00:00,BNBUSDT,SELL,MODERATE,0.70,279.230000,237.345500,301.568400,1.87,1D,FALLBACK,0.70,No,N/A,N/A,N/A,N/A,Generated signal for BNBUSDT,2022-03-18 00:00:00,2025-10-09 06:31:40
2022-03-24,00:00:00,BNBUSDT,SELL,MODERATE,0.70,347.310000,295.213500,375.094800,1.87,1D,FALLBACK,0.70,No,N/A,N/A,N/A,N/A,Generated signal for BNBUSDT,2022-03-24 00:00:00,2025-10-09 06:31:40
2022-04-04,00:00:00,BNBUSDT,BUY,MODERATE,0.70,290.680000,334.282000,267.425600,1.88,1D,FALLBACK,0.70,No,N/A,N/A,N/A,N/A,Generated signal for BNBUSDT,2022-04-04 00:00:00,2025-10-09 06:31:40
2022-04-09,00:00:00,BNBUSDT,SELL,STRONG,0.80,324.630000,275.935500,350.600400,1.87,1D,FALLBACK,0.80,No,N/A,N/A,N/A,N/A,Generated signal for BNBUSDT,2022-04-09 00:00:00,2025-10-09 06:31:40
2022-04-24,00:00:00,BNBUSDT,BUY,STRONG,0.80,310.990000,357.638500,286.110800,1.88,1D,FALLBACK,0.80,No,N/A,N/A,N/A,N/A,Generated signal for BNBUSDT,2022-04-24 00:00:00,2025-10-09 06:31:40
2022-05-06,00:00:00,BNBUSDT,BUY,MODERATE,0.70,262.700000,302.105000,241.684000,1.87,1D,FALLBACK,0.70,No,N/A,N/A,N/A,N/A,Generated signal for BNBUSDT,2022-05-06 00:00:00,2025-10-09 06:31:40
2022-05-09,00:00:00,BNBUSDT,BUY,MODERATE,0.70,349.460000,401.879000,321.503200,1.88,1D,FALLBACK,0.70,No,N/A,N/A,N/A,N/A,Generated signal for BNBUSDT,2022-05-09 00:00:00,2025-10-09 06:31:40
2022-05-12,00:00:00,BNBUSDT,BUY,MODERATE,0.70,302.800000,348.220000,278.576000,1.87,1D,FALLBACK,0.70,No,N/A,N/A,N/A,N/A,Generated signal for BNBUSDT,2022-05-12 00:00:00,2025-10-09 06:31:40
2022-05-19,00:00:00,BNBUSDT,BUY,STRONG,0.80,267.570000,307.705500,246.164400,1.87,1D,FALLBACK,0.80,No,N/A,N/A,N/A,N/A,Generated signal for BNBUSDT,2022-05-19 00:00:00,2025-10-09 06:31:40
2022-05-21,00:00:00,BNBUSDT,BUY,MODERATE,0.70,359.940000,413.931000,331.144800,1.88,1D,FALLBACK,0.70,No,N/A,N/A,N/A,N/A,Generated signal for BNBUSDT,2022-05-21 00:00:00,2025-10-09 06:31:40
2022-05-25,00:00:00,BNBUSDT,BUY,MODERATE,0.70,341.890000,393.173500,314.538800,1.87,1D,FALLBACK,0.70,No,N/A,N/A,N/A,N/A,Generated signal for BNBUSDT,2022-05-25 00:00:00,2025-10-09 06:31:40
2022-06-01,00:00:00,BNBUSDT,SELL,MODERATE,0.70,324.060000,275.451000,349.984800,1.87,1D,FALLBACK,0.70,No,N/A,N/A,N/A,N/A,Generated signal for BNBUSDT,2022-06-01 00:00:00,2025-10-09 06:31:40
2022-06-05,00:00:00,BNBUSDT,SELL,MODERATE,0.70,250.570000,212.984500,270.615600,1.87,1D,FALLBACK,0.70,No,N/A,N/A,N/A,N/A,Generated signal for BNBUSDT,2022-06-05 00:00:00,2025-10-09 06:31:40
2022-06-15,00:00:00,BNBUSDT,SELL,MODERATE,0.70,325.320000,276.522000,351.345600,1.88,1D,FALLBACK,0.70,No,N/A,N/A,N/A,N/A,Generated signal for BNBUSDT,2022-06-15 00:00:00,2025-10-09 06:31:40
2022-06-21,00:00:00,BNBUSDT,BUY,MODERATE,0.70,292.340000,336.191000,268.952800,1.87,1D,FALLBACK,0.70,No,N/A,N/A,N/A,N/A,Generated signal for BNBUSDT,2022-06-21 00:00:00,2025-10-09 06:31:40
2022-06-23,00:00:00,BNBUSDT,BUY,MODERATE,0.70,320.860000,368.989000,295.191200,1.88,1D,FALLBACK,0.70,No,N/A,N/A,N/A,N/A,Generated signal for BNBUSDT,2022-06-23 00:00:00,2025-10-09 06:31:40
2022-06-24,00:00:00,BNBUSDT,BUY,MODERATE,0.70,329.840000,379.316000,303.452800,1.87,1D,FALLBACK,0.70,No,N/A,N/A,N/A,N/A,Generated signal for BNBUSDT,2022-06-24 00:00:00,2025-10-09 06:31:40
2022-06-28,00:00:00,BNBUSDT,BUY,MODERATE,0.70,252.740000,290.651000,232.520800,1.88,1D,FALLBACK,0.70,No,N/A,N/A,N/A,N/A,Generated signal for BNBUSDT,2022-06-28 00:00:00,2025-10-09 06:31:40
2022-07-02,00:00:00,BNBUSDT,BUY,MODERATE,0.70,284.820000,327.543000,262.034400,1.87,1D,FALLBACK,0.70,No,N/A,N/A,N/A,N/A,Generated signal for BNBUSDT,2022-07-02 00:00:00,2025-10-09 06:31:40
2022-07-16,00:00:00,BNBUSDT,SELL,MODERATE,0.70,335.300000,285.005000,362.124000,1.87,1D,FALLBACK,0.70,No,N/A,N/A,N/A,N/A,Generated signal for BNBUSDT,2022-07-16 00:00:00,2025-10-09 06:31:40
2022-07-17,00:00:00,BNBUSDT,SELL,MODERATE,0.70,251.990000,214.191500,272.149200,1.88,1D,FALLBACK,0.70,No,N/A,N/A,N/A,N/A,Generated signal for BNBUSDT,2022-07-17 00:00:00,2025-10-09 06:31:40
2022-07-19,00:00:00,BNBUSDT,SELL,MODERATE,0.70,300.550000,255.467500,324.594000,1.87,1D,FALLBACK,0.70,No,N/A,N/A,N/A,N/A,Generated signal for BNBUSDT,2022-07-19 00:00:00,2025-10-09 06:31:40
2022-07-24,00:00:00,BNBUSDT,SELL,MODERATE,0.70,283.040000,240.584000,305.683200,1.87,1D,FALLBACK,0.70,No,N/A,N/A,N/A,N/A,Generated signal for BNBUSDT,2022-07-24 00:00:00,2025-10-09 06:31:40
2022-08-10,00:00:00,BNBUSDT,BUY,MODERATE,0.70,341.020000,392.173000,313.738400,1.88,1D,FALLBACK,0.70,No,N/A,N/A,N/A,N/A,Generated signal for BNBUSDT,2022-08-10 00:00:00,2025-10-09 06:31:40
2022-08-13,00:00:00,BNBUSDT,BUY,MODERATE,0.70,253.360000,291.364000,233.091200,1.87,1D,FALLBACK,0.70,No,N/A,N/A,N/A,N/A,Generated signal for BNBUSDT,2022-08-13 00:00:00,2025-10-09 06:31:40
2022-08-16,00:00:00,BNBUSDT,BUY,MODERATE,0.70,276.840000,318.366000,254.692800,1.87,1D,FALLBACK,0.70,No,N/A,N/A,N/A,N/A,Generated signal for BNBUSDT,2022-08-16 00:00:00,2025-10-09 06:31:40
2022-08-17,00:00:00,BNBUSDT,BUY,MODERATE,0.70,306.500000,352.475000,281.980000,1.88,1D,FALLBACK,0.70,No,N/A,N/A,N/A,N/A,Generated signal for BNBUSDT,2022-08-17 00:00:00,2025-10-09 06:31:40
2022-08-18,00:00:00,BNBUSDT,BUY,MODERATE,0.70,302.680000,348.082000,278.465600,1.87,1D,FALLBACK,0.70,No,N/A,N/A,N/A,N/A,Generated signal for BNBUSDT,2022-08-18 00:00:00,2025-10-09 06:31:40
2022-08-20,00:00:00,BNBUSDT,BUY,MODERATE,0.70,290.910000,334.546500,267.637200,1.87,1D,FALLBACK,0.70,No,N/A,N/A,N/A,N/A,Generated signal for BNBUSDT,2022-08-20 00:00:00,2025-10-09 06:31:40
2022-08-25,00:00:00,BNBUSDT,BUY,MODERATE,0.70,314.840000,362.066000,289.652800,1.88,1D,FALLBACK,0.70,No,N/A,N/A,N/A,N/A,Generated signal for BNBUSDT,2022-08-25 00:00:00,2025-10-09 06:31:40
2022-08-28,00:00:00,BNBUSDT,BUY,STRONG,0.80,340.660000,391.759000,313.407200,1.88,1D,FALLBACK,0.80,No,N/A,N/A,N/A,N/A,Generated signal for BNBUSDT,2022-08-28 00:00:00,2025-10-09 06:31:40
2022-08-29,00:00:00,BNBUSDT,BUY,MODERATE,0.70,296.860000,341.389000,273.111200,1.87,1D,FALLBACK,0.70,No,N/A,N/A,N/A,N/A,Generated signal for BNBUSDT,2022-08-29 00:00:00,2025-10-09 06:31:40
2022-08-31,00:00:00,BNBUSDT,BUY,MODERATE,0.70,296.440000,340.906000,272.724800,1.87,1D,FALLBACK,0.70,No,N/A,N/A,N/A,N/A,Generated signal for BNBUSDT,2022-08-31 00:00:00,2025-10-09 06:31:40
2022-09-03,00:00:00,BNBUSDT,BUY,MODERATE,0.70,264.830000,304.554500,243.643600,1.87,1D,FALLBACK,0.70,No,N/A,N/A,N/A,N/A,Generated signal for BNBUSDT,2022-09-03 00:00:00,2025-10-09 06:31:40
2022-09-04,00:00:00,BNBUSDT,BUY,STRONG,0.80,341.280000,392.472000,313.977600,1.87,1D,FALLBACK,0.80,No,N/A,N/A,N/A,N/A,Generated signal for BNBUSDT,2022-09-04 00:00:00,2025-10-09 06:31:40
2022-09-05,00:00:00,BNBUSDT,BUY,MODERATE,0.70,267.810000,307.981500,246.385200,1.88,1D,FALLBACK,0.70,No,N/A,N/A,N/A,N/A,Generated signal for BNBUSDT,2022-09-05 00:00:00,2025-10-09 06:31:40
2022-09-12,00:00:00,BNBUSDT,SELL,MODERATE,0.70,307.430000,261.315500,332.024400,1.88,1D,FALLBACK,0.70,No,N/A,N/A,N/A,N/A,Generated signal for BNBUSDT,2022-09-12 00:00:00,2025-10-09 06:31:40
2022-09-16,00:00:00,BNBUSDT,SELL,MODERATE,0.70,339.590000,288.651500,366.757200,1.87,1D,FALLBACK,0.70,No,N/A,N/A,N/A,N/A,Generated signal for BNBUSDT,2022-09-16 00:00:00,2025-10-09 06:31:40
2022-09-19,00:00:00,BNBUSDT,SELL,MODERATE,0.70,297.750000,253.087500,321.570000,1.88,1D,FALLBACK,0.70,No,N/A,N/A,N/A,N/A,Generated signal for BNBUSDT,2022-09-19 00:00:00,2025-10-09 06:31:40
2022-09-22,00:00:00,BNBUSDT,SELL,MODERATE,0.70,249.350000,211.947500,269.298000,1.87,1D,FALLBACK,0.70,No,N/A,N/A,N/A,N/A,Generated signal for BNBUSDT,2022-09-22 00:00:00,2025-10-09 06:31:40
2022-09-24,00:00:00,BNBUSDT,SELL,MODERATE,0.70,273.050000,232.092500,294.894000,1.88,1D,FALLBACK,0.70,No,N/A,N/A,N/A,N/A,Generated signal for BNBUSDT,2022-09-24 00:00:00,2025-10-09 06:31:40
2022-09-25,00:00:00,BNBUSDT,SELL,MODERATE,0.70,329.960000,280.466000,356.356800,1.87,1D,FALLBACK,0.70,No,N/A,N/A,N/A,N/A,Generated signal for BNBUSDT,2022-09-25 00:00:00,2025-10-09 06:31:40
2022-09-28,00:00:00,BNBUSDT,SELL,MODERATE,0.70,287.550000,244.417500,310.554000,1.87,1D,FALLBACK,0.70,No,N/A,N/A,N/A,N/A,Generated signal for BNBUSDT,2022-09-28 00:00:00,2025-10-09 06:31:40
2022-10-02,00:00:00,BNBUSDT,SELL,MODERATE,0.70,250.560000,212.976000,270.604800,1.87,1D,FALLBACK,0.70,No,N/A,N/A,N/A,N/A,Generated signal for BNBUSDT,2022-10-02 00:00:00,2025-10-09 06:31:40
2022-10-07,00:00:00,BNBUSDT,SELL,MODERATE,0.70,312.850000,265.922500,337.878000,1.87,1D,FALLBACK,0.70,No,N/A,N/A,N/A,N/A,Generated signal for BNBUSDT,2022-10-07 00:00:00,2025-10-09 06:31:40
2022-10-15,00:00:00,BNBUSDT,SELL,MODERATE,0.70,252.520000,214.642000,272.721600,1.87,1D,FALLBACK,0.70,No,N/A,N/A,N/A,N/A,Generated signal for BNBUSDT,2022-10-15 00:00:00,2025-10-09 06:31:40
2022-10-21,00:00:00,BNBUSDT,SELL,MODERATE,0.70,340.000000,289.000000,367.200000,1.87,1D,FALLBACK,0.70,No,N/A,N/A,N/A,N/A,Generated signal for BNBUSDT,2022-10-21 00:00:00,2025-10-09 06:31:40
2022-11-05,00:00:00,BNBUSDT,SELL,MODERATE,0.70,302.680000,257.278000,326.894400,1.87,1D,FALLBACK,0.70,No,N/A,N/A,N/A,N/A,Generated signal for BNBUSDT,2022-11-05 00:00:00,2025-10-09 06:31:40
2022-11-08,00:00:00,BNBUSDT,BUY,STRONG,0.80,341.760000,393.024000,314.419200,1.87,1D,FALLBACK,0.80,No,N/A,N/A,N/A,N/A,Generated signal for BNBUSDT,2022-11-08 00:00:00,2025-10-09 06:31:40
2022-11-11,00:00:00,BNBUSDT,BUY,MODERATE,0.70,276.770000,318.285500,254.628400,1.88,1D,FALLBACK,0.70,No,N/A,N/A,N/A,N/A,Generated signal for BNBUSDT,2022-11-11 00:00:00,2025-10-09 06:31:40
2022-11-12,00:00:00,BNBUSDT,BUY,MODERATE,0.70,266.740000,306.751000,245.400800,1.88,1D,FALLBACK,0.70,No,N/A,N/A,N/A,N/A,Generated signal for BNBUSDT,2022-11-12 00:00:00,2025-10-09 06:31:40
2022-11-13,00:00:00,BNBUSDT,BUY,MODERATE,0.70,357.280000,410.872000,328.697600,1.87,1D,FALLBACK,0.70,No,N/A,N/A,N/A,N/A,Generated signal for BNBUSDT,2022-11-13 00:00:00,2025-10-09 06:31:40
2022-11-24,00:00:00,BNBUSDT,BUY,MODERATE,0.70,248.600000,285.890000,228.712000,1.88,1D,FALLBACK,0.70,No,N/A,N/A,N/A,N/A,Generated signal for BNBUSDT,2022-11-24 00:00:00,2025-10-09 06:31:40
2022-11-27,00:00:00,BNBUSDT,BUY,MODERATE,0.70,335.790000,386.158500,308.926800,1.87,1D,FALLBACK,0.70,No,N/A,N/A,N/A,N/A,Generated signal for BNBUSDT,2022-11-27 00:00:00,2025-10-09 06:31:40
2022-11-30,00:00:00,BNBUSDT,BUY,MODERATE,0.70,314.690000,361.893500,289.514800,1.88,1D,FALLBACK,0.70,No,N/A,N/A,N/A,N/A,Generated signal for BNBUSDT,2022-11-30 00:00:00,2025-10-09 06:31:40
2022-12-01,00:00:00,BNBUSDT,BUY,MODERATE,0.70,256.970000,295.515500,236.412400,1.88,1D,FALLBACK,0.70,No,N/A,N/A,N/A,N/A,Generated signal for BNBUSDT,2022-12-01 00:00:00,2025-10-09 06:31:40
2022-12-03,00:00:00,BNBUSDT,BUY,MODERATE,0.70,343.660000,395.209000,316.167200,1.88,1D,FALLBACK,0.70,No,N/A,N/A,N/A,N/A,Generated signal for BNBUSDT,2022-12-03 00:00:00,2025-10-09 06:31:40
2022-12-07,00:00:00,BNBUSDT,BUY,MODERATE,0.70,340.100000,391.115000,312.892000,1.88,1D,FALLBACK,0.70,No,N/A,N/A,N/A,N/A,Generated signal for BNBUSDT,2022-12-07 00:00:00,2025-10-09 06:31:40
2022-12-10,00:00:00,BNBUSDT,SELL,MODERATE,0.70,261.200000,222.020000,282.096000,1.87,1D,FALLBACK,0.70,No,N/A,N/A,N/A,N/A,Generated signal for BNBUSDT,2022-12-10 00:00:00,2025-10-09 06:31:40
2022-12-17,00:00:00,BNBUSDT,BUY,MODERATE,0.70,289.310000,332.706500,266.165200,1.87,1D,FALLBACK,0.70,No,N/A,N/A,N/A,N/A,Generated signal for BNBUSDT,2022-12-17 00:00:00,2025-10-09 06:31:40
2022-12-23,00:00:00,BNBUSDT,BUY,MODERATE,0.70,337.530000,388.159500,310.527600,1.88,1D,FALLBACK,0.70,No,N/A,N/A,N/A,N/A,Generated signal for BNBUSDT,2022-12-23 00:00:00,2025-10-09 06:31:40
2022-12-29,00:00:00,BNBUSDT,BUY,MODERATE,0.70,345.950000,397.842500,318.274000,1.88,1D,FALLBACK,0.70,No,N/A,N/A,N/A,N/A,Generated signal for BNBUSDT,2022-12-29 00:00:00,2025-10-09 06:31:40
2023-01-01,00:00:00,BNBUSDT,BUY,MODERATE,0.70,272.070000,312.880500,250.304400,1.88,1D,FALLBACK,0.70,No,N/A,N/A,N/A,N/A,Generated signal for BNBUSDT,2023-01-01 00:00:00,2025-10-09 06:31:40
2023-01-04,00:00:00,BNBUSDT,BUY,MODERATE,0.70,284.550000,327.232500,261.786000,1.87,1D,FALLBACK,0.70,No,N/A,N/A,N/A,N/A,Generated signal for BNBUSDT,2023-01-04 00:00:00,2025-10-09 06:31:40
2023-01-05,00:00:00,BNBUSDT,BUY,MODERATE,0.70,275.780000,317.147000,253.717600,1.87,1D,FALLBACK,0.70,No,N/A,N/A,N/A,N/A,Generated signal for BNBUSDT,2023-01-05 00:00:00,2025-10-09 06:31:40
2023-01-19,00:00:00,BNBUSDT,SELL,MODERATE,0.70,224.250000,190.612500,242.190000,1.87,1D,FALLBACK,0.70,No,N/A,N/A,N/A,N/A,Generated signal for BNBUSDT,2023-01-19 00:00:00,2025-10-09 06:31:40
2023-01-20,00:00:00,BNBUSDT,SELL,MODERATE,0.70,271.980000,231.183000,293.738400,1.88,1D,FALLBACK,0.70,No,N/A,N/A,N/A,N/A,Generated signal for BNBUSDT,2023-01-20 00:00:00,2025-10-09 06:31:40
2023-01-23,00:00:00,BNBUSDT,SELL,MODERATE,0.70,304.350000,258.697500,328.698000,1.88,1D,FALLBACK,0.70,No,N/A,N/A,N/A,N/A,Generated signal for BNBUSDT,2023-01-23 00:00:00,2025-10-09 06:31:40
2023-01-28,00:00:00,BNBUSDT,SELL,MODERATE,0.70,283.110000,240.643500,305.758800,1.88,1D,FALLBACK,0.70,No,N/A,N/A,N/A,N/A,Generated signal for BNBUSDT,2023-01-28 00:00:00,2025-10-09 06:31:40
2023-01-29,00:00:00,BNBUSDT,SELL,MODERATE,0.70,253.720000,215.662000,274.017600,1.87,1D,FALLBACK,0.70,No,N/A,N/A,N/A,N/A,Generated signal for BNBUSDT,2023-01-29 00:00:00,2025-10-09 06:31:40
2023-02-01,00:00:00,BNBUSDT,SELL,MODERATE,0.70,308.320000,262.072000,332.985600,1.87,1D,FALLBACK,0.70,No,N/A,N/A,N/A,N/A,Generated signal for BNBUSDT,2023-02-01 00:00:00,2025-10-09 06:31:40
2023-02-06,00:00:00,BNBUSDT,SELL,MODERATE,0.70,328.380000,279.123000,354.650400,1.88,1D,FALLBACK,0.70,No,N/A,N/A,N/A,N/A,Generated signal for BNBUSDT,2023-02-06 00:00:00,2025-10-09 06:31:40
2023-02-10,00:00:00,BNBUSDT,SELL,MODERATE,0.70,228.680000,194.378000,246.974400,1.87,1D,FALLBACK,0.70,No,N/A,N/A,N/A,N/A,Generated signal for BNBUSDT,2023-02-10 00:00:00,2025-10-09 06:31:40
2023-02-13,00:00:00,BNBUSDT,SELL,MODERATE,0.70,267.140000,227.069000,288.511200,1.87,1D,FALLBACK,0.70,No,N/A,N/A,N/A,N/A,Generated signal for BNBUSDT,2023-02-13 00:00:00,2025-10-09 06:31:40
2023-02-14,00:00:00,BNBUSDT,SELL,MODERATE,0.70,323.000000,274.550000,348.840000,1.87,1D,FALLBACK,0.70,No,N/A,N/A,N/A,N/A,Generated signal for BNBUSDT,2023-02-14 00:00:00,2025-10-09 06:31:40
2023-02-22,00:00:00,BNBUSDT,BUY,MODERATE,0.70,313.760000,360.824000,288.659200,1.87,1D,FALLBACK,0.70,No,N/A,N/A,N/A,N/A,Generated signal for BNBUSDT,2023-02-22 00:00:00,2025-10-09 06:31:40
2023-02-27,00:00:00,BNBUSDT,SELL,MODERATE,0.70,279.000000,237.150000,301.320000,1.88,1D,FALLBACK,0.70,No,N/A,N/A,N/A,N/A,Generated signal for BNBUSDT,2023-02-27 00:00:00,2025-10-09 06:31:40
2023-03-05,00:00:00,BNBUSDT,BUY,MODERATE,0.70,260.220000,299.253000,239.402400,1.87,1D,FALLBACK,0.70,No,N/A,N/A,N/A,N/A,Generated signal for BNBUSDT,2023-03-05 00:00:00,2025-10-09 06:31:40
2023-03-09,00:00:00,BNBUSDT,SELL,MODERATE,0.70,277.130000,235.560500,299.300400,1.87,1D,FALLBACK,0.70,No,N/A,N/A,N/A,N/A,Generated signal for BNBUSDT,2023-03-09 00:00:00,2025-10-09 06:31:40
2023-03-11,00:00:00,BNBUSDT,BUY,MODERATE,0.70,262.130000,301.449500,241.159600,1.87,1D,FALLBACK,0.70,No,N/A,N/A,N/A,N/A,Generated signal for BNBUSDT,2023-03-11 00:00:00,2025-10-09 06:31:40
2023-03-14,00:00:00,BNBUSDT,BUY,MODERATE,0.70,283.510000,326.036500,260.829200,1.88,1D,FALLBACK,0.70,No,N/A,N/A,N/A,N/A,Generated signal for BNBUSDT,2023-03-14 00:00:00,2025-10-09 06:31:40
2023-03-19,00:00:00,BNBUSDT,SELL,MODERATE,0.70,272.540000,231.659000,294.343200,1.87,1D,FALLBACK,0.70,No,N/A,N/A,N/A,N/A,Generated signal for BNBUSDT,2023-03-19 00:00:00,2025-10-09 06:31:40
2023-03-20,00:00:00,BNBUSDT,SELL,MODERATE,0.70,259.470000,220.549500,280.227600,1.87,1D,FALLBACK,0.70,No,N/A,N/A,N/A,N/A,Generated signal for BNBUSDT,2023-03-20 00:00:00,2025-10-09 06:31:40
2023-03-23,00:00:00,BNBUSDT,SELL,MODERATE,0.70,284.110000,241.493500,306.838800,1.87,1D,FALLBACK,0.70,No,N/A,N/A,N/A,N/A,Generated signal for BNBUSDT,2023-03-23 00:00:00,2025-10-09 06:31:40
2023-03-25,00:00:00,BNBUSDT,SELL,MODERATE,0.70,308.480000,262.208000,333.158400,1.87,1D,FALLBACK,0.70,No,N/A,N/A,N/A,N/A,Generated signal for BNBUSDT,2023-03-25 00:00:00,2025-10-09 06:31:40
2023-04-10,00:00:00,BNBUSDT,BUY,MODERATE,0.70,266.940000,306.981000,245.584800,1.88,1D,FALLBACK,0.70,No,N/A,N/A,N/A,N/A,Generated signal for BNBUSDT,2023-04-10 00:00:00,2025-10-09 06:31:40
2023-04-22,00:00:00,BNBUSDT,BUY,MODERATE,0.70,225.360000,259.164000,207.331200,1.87,1D,FALLBACK,0.70,No,N/A,N/A,N/A,N/A,Generated signal for BNBUSDT,2023-04-22 00:00:00,2025-10-09 06:31:40
2023-04-23,00:00:00,BNBUSDT,BUY,MODERATE,0.70,240.190000,276.218500,220.974800,1.87,1D,FALLBACK,0.70,No,N/A,N/A,N/A,N/A,Generated signal for BNBUSDT,2023-04-23 00:00:00,2025-10-09 06:31:40
2023-05-06,00:00:00,BNBUSDT,SELL,MODERATE,0.70,324.210000,275.578500,350.146800,1.88,1D,FALLBACK,0.70,No,N/A,N/A,N/A,N/A,Generated signal for BNBUSDT,2023-05-06 00:00:00,2025-10-09 06:31:40
2023-05-11,00:00:00,BNBUSDT,SELL,MODERATE,0.70,293.050000,249.092500,316.494000,1.87,1D,FALLBACK,0.70,No,N/A,N/A,N/A,N/A,Generated signal for BNBUSDT,2023-05-11 00:00:00,2025-10-09 06:31:40
2023-05-12,00:00:00,BNBUSDT,SELL,MODERATE,0.70,303.880000,258.298000,328.190400,1.87,1D,FALLBACK,0.70,No,N/A,N/A,N/A,N/A,Generated signal for BNBUSDT,2023-05-12 00:00:00,2025-10-09 06:31:40
2023-05-13,00:00:00,BNBUSDT,SELL,MODERATE,0.70,243.080000,206.618000,262.526400,1.87,1D,FALLBACK,0.70,No,N/A,N/A,N/A,N/A,Generated signal for BNBUSDT,2023-05-13 00:00:00,2025-10-09 06:31:40
2023-05-16,00:00:00,BNBUSDT,SELL,MODERATE,0.70,325.950000,277.057500,352.026000,1.87,1D,FALLBACK,0.70,No,N/A,N/A,N/A,N/A,Generated signal for BNBUSDT,2023-05-16 00:00:00,2025-10-09 06:31:40
2023-05-19,00:00:00,BNBUSDT,BUY,MODERATE,0.70,225.190000,258.968500,207.174800,1.87,1D,FALLBACK,0.70,No,N/A,N/A,N/A,N/A,Generated signal for BNBUSDT,2023-05-19 00:00:00,2025-10-09 06:31:40
2023-05-20,00:00:00,BNBUSDT,BUY,STRONG,0.80,319.090000,366.953500,293.562800,1.88,1D,FALLBACK,0.80,No,N/A,N/A,N/A,N/A,Generated signal for BNBUSDT,2023-05-20 00:00:00,2025-10-09 06:31:40
2023-05-30,00:00:00,BNBUSDT,BUY,MODERATE,0.70,309.300000,355.695000,284.556000,1.88,1D,FALLBACK,0.70,No,N/A,N/A,N/A,N/A,Generated signal for BNBUSDT,2023-05-30 00:00:00,2025-10-09 06:31:40
2023-06-03,00:00:00,BNBUSDT,BUY,MODERATE,0.70,329.740000,379.201000,303.360800,1.88,1D,FALLBACK,0.70,No,N/A,N/A,N/A,N/A,Generated signal for BNBUSDT,2023-06-03 00:00:00,2025-10-09 06:31:40
2023-06-04,00:00:00,BNBUSDT,BUY,MODERATE,0.70,329.510000,378.936500,303.149200,1.88,1D,FALLBACK,0.70,No,N/A,N/A,N/A,N/A,Generated signal for BNBUSDT,2023-06-04 00:00:00,2025-10-09 06:31:40
2023-06-23,00:00:00,BNBUSDT,SELL,MODERATE,0.70,288.810000,245.488500,311.914800,1.87,1D,FALLBACK,0.70,No,N/A,N/A,N/A,N/A,Generated signal for BNBUSDT,2023-06-23 00:00:00,2025-10-09 06:31:40
2023-06-24,00:00:00,BNBUSDT,SELL,MODERATE,0.70,321.850000,273.572500,347.598000,1.87,1D,FALLBACK,0.70,No,N/A,N/A,N/A,N/A,Generated signal for BNBUSDT,2023-06-24 00:00:00,2025-10-09 06:31:40
2023-06-26,00:00:00,BNBUSDT,SELL,MODERATE,0.70,230.130000,195.610500,248.540400,1.87,1D,FALLBACK,0.70,No,N/A,N/A,N/A,N/A,Generated signal for BNBUSDT,2023-06-26 00:00:00,2025-10-09 06:31:40
2023-06-27,00:00:00,BNBUSDT,SELL,MODERATE,0.70,293.090000,249.126500,316.537200,1.87,1D,FALLBACK,0.70,No,N/A,N/A,N/A,N/A,Generated signal for BNBUSDT,2023-06-27 00:00:00,2025-10-09 06:31:40
2023-07-10,00:00:00,BNBUSDT,BUY,MODERATE,0.70,333.130000,383.099500,306.479600,1.88,1D,FALLBACK,0.70,No,N/A,N/A,N/A,N/A,Generated signal for BNBUSDT,2023-07-10 00:00:00,2025-10-09 06:31:40
2023-07-11,00:00:00,BNBUSDT,BUY,MODERATE,0.70,239.730000,275.689500,220.551600,1.87,1D,FALLBACK,0.70,No,N/A,N/A,N/A,N/A,Generated signal for BNBUSDT,2023-07-11 00:00:00,2025-10-09 06:31:40
2023-07-12,00:00:00,BNBUSDT,BUY,MODERATE,0.70,230.690000,265.293500,212.234800,1.88,1D,FALLBACK,0.70,No,N/A,N/A,N/A,N/A,Generated signal for BNBUSDT,2023-07-12 00:00:00,2025-10-09 06:31:40
2023-07-19,00:00:00,BNBUSDT,SELL,MODERATE,0.70,318.130000,270.410500,343.580400,1.87,1D,FALLBACK,0.70,No,N/A,N/A,N/A,N/A,Generated signal for BNBUSDT,2023-07-19 00:00:00,2025-10-09 06:31:40
2023-07-21,00:00:00,BNBUSDT,SELL,MODERATE,0.70,228.030000,193.825500,246.272400,1.87,1D,FALLBACK,0.70,No,N/A,N/A,N/A,N/A,Generated signal for BNBUSDT,2023-07-21 00:00:00,2025-10-09 06:31:40
2023-07-26,00:00:00,BNBUSDT,SELL,STRONG,0.80,277.190000,235.611500,299.365200,1.87,1D,FALLBACK,0.80,No,N/A,N/A,N/A,N/A,Generated signal for BNBUSDT,2023-07-26 00:00:00,2025-10-09 06:31:40
2023-07-27,00:00:00,BNBUSDT,SELL,MODERATE,0.70,309.790000,263.321500,334.573200,1.87,1D,FALLBACK,0.70,No,N/A,N/A,N/A,N/A,Generated signal for BNBUSDT,2023-07-27 00:00:00,2025-10-09 06:31:40
2023-07-29,00:00:00,BNBUSDT,SELL,MODERATE,0.70,276.150000,234.727500,298.242000,1.87,1D,FALLBACK,0.70,No,N/A,N/A,N/A,N/A,Generated signal for BNBUSDT,2023-07-29 00:00:00,2025-10-09 06:31:40
2023-08-04,00:00:00,BNBUSDT,SELL,MODERATE,0.70,272.840000,231.914000,294.667200,1.88,1D,FALLBACK,0.70,No,N/A,N/A,N/A,N/A,Generated signal for BNBUSDT,2023-08-04 00:00:00,2025-10-09 06:31:40
2023-08-06,00:00:00,BNBUSDT,SELL,MODERATE,0.70,269.280000,228.888000,290.822400,1.87,1D,FALLBACK,0.70,No,N/A,N/A,N/A,N/A,Generated signal for BNBUSDT,2023-08-06 00:00:00,2025-10-09 06:31:40
2023-08-08,00:00:00,BNBUSDT,SELL,MODERATE,0.70,276.000000,234.600000,298.080000,1.87,1D,FALLBACK,0.70,No,N/A,N/A,N/A,N/A,Generated signal for BNBUSDT,2023-08-08 00:00:00,2025-10-09 06:31:40
2023-08-17,00:00:00,BNBUSDT,SELL,MODERATE,0.70,296.560000,252.076000,320.284800,1.87,1D,FALLBACK,0.70,No,N/A,N/A,N/A,N/A,Generated signal for BNBUSDT,2023-08-17 00:00:00,2025-10-09 06:31:40
2023-08-18,00:00:00,BNBUSDT,SELL,STRONG,0.80,244.870000,208.139500,264.459600,1.87,1D,FALLBACK,0.80,No,N/A,N/A,N/A,N/A,Generated signal for BNBUSDT,2023-08-18 00:00:00,2025-10-09 06:31:40
2023-09-07,00:00:00,BNBUSDT,BUY,STRONG,0.80,294.380000,338.537000,270.829600,1.88,1D,FALLBACK,0.80,No,N/A,N/A,N/A,N/A,Generated signal for BNBUSDT,2023-09-07 00:00:00,2025-10-09 06:31:40
2023-09-10,00:00:00,BNBUSDT,BUY,MODERATE,0.70,252.980000,290.927000,232.741600,1.88,1D,FALLBACK,0.70,No,N/A,N/A,N/A,N/A,Generated signal for BNBUSDT,2023-09-10 00:00:00,2025-10-09 06:31:40
2023-09-18,00:00:00,BNBUSDT,SELL,MODERATE,0.70,226.990000,192.941500,245.149200,1.87,1D,FALLBACK,0.70,No,N/A,N/A,N/A,N/A,Generated signal for BNBUSDT,2023-09-18 00:00:00,2025-10-09 06:31:40
2023-09-19,00:00:00,BNBUSDT,SELL,MODERATE,0.70,301.940000,256.649000,326.095200,1.87,1D,FALLBACK,0.70,No,N/A,N/A,N/A,N/A,Generated signal for BNBUSDT,2023-09-19 00:00:00,2025-10-09 06:31:40
2023-09-27,00:00:00,BNBUSDT,SELL,MODERATE,0.70,288.540000,245.259000,311.623200,1.87,1D,FALLBACK,0.70,No,N/A,N/A,N/A,N/A,Generated signal for BNBUSDT,2023-09-27 00:00:00,2025-10-09 06:31:40
2023-09-29,00:00:00,BNBUSDT,SELL,MODERATE,0.70,226.400000,192.440000,244.512000,1.87,1D,FALLBACK,0.70,No,N/A,N/A,N/A,N/A,Generated signal for BNBUSDT,2023-09-29 00:00:00,2025-10-09 06:31:40
2023-09-30,00:00:00,BNBUSDT,SELL,MODERATE,0.70,228.260000,194.021000,246.520800,1.87,1D,FALLBACK,0.70,No,N/A,N/A,N/A,N/A,Generated signal for BNBUSDT,2023-09-30 00:00:00,2025-10-09 06:31:40
2023-10-10,00:00:00,BNBUSDT,SELL,MODERATE,0.70,300.190000,255.161500,324.205200,1.88,1D,FALLBACK,0.70,No,N/A,N/A,N/A,N/A,Generated signal for BNBUSDT,2023-10-10 00:00:00,2025-10-09 06:31:40
2023-10-13,00:00:00,BNBUSDT,SELL,MODERATE,0.70,295.390000,251.081500,319.021200,1.87,1D,FALLBACK,0.70,No,N/A,N/A,N/A,N/A,Generated signal for BNBUSDT,2023-10-13 00:00:00,2025-10-09 06:31:40
2023-10-14,00:00:00,BNBUSDT,SELL,STRONG,0.80,229.800000,195.330000,248.184000,1.87,1D,FALLBACK,0.80,No,N/A,N/A,N/A,N/A,Generated signal for BNBUSDT,2023-10-14 00:00:00,2025-10-09 06:31:40
2023-10-24,00:00:00,BNBUSDT,BUY,MODERATE,0.70,245.900000,282.785000,226.228000,1.87,1D,FALLBACK,0.70,No,N/A,N/A,N/A,N/A,Generated signal for BNBUSDT,2023-10-24 00:00:00,2025-10-09 06:31:40
2023-10-30,00:00:00,BNBUSDT,BUY,MODERATE,0.70,224.860000,258.589000,206.871200,1.87,1D,FALLBACK,0.70,No,N/A,N/A,N/A,N/A,Generated signal for BNBUSDT,2023-10-30 00:00:00,2025-10-09 06:31:40
2023-11-01,00:00:00,BNBUSDT,BUY,MODERATE,0.70,290.690000,334.293500,267.434800,1.87,1D,FALLBACK,0.70,No,N/A,N/A,N/A,N/A,Generated signal for BNBUSDT,2023-11-01 00:00:00,2025-10-09 06:31:40
2023-11-03,00:00:00,BNBUSDT,BUY,MODERATE,0.70,247.700000,284.855000,227.884000,1.87,1D,FALLBACK,0.70,No,N/A,N/A,N/A,N/A,Generated signal for BNBUSDT,2023-11-03 00:00:00,2025-10-09 06:31:40
2023-11-06,00:00:00,BNBUSDT,BUY,MODERATE,0.70,329.890000,379.373500,303.498800,1.88,1D,FALLBACK,0.70,No,N/A,N/A,N/A,N/A,Generated signal for BNBUSDT,2023-11-06 00:00:00,2025-10-09 06:31:40
2023-11-10,00:00:00,BNBUSDT,BUY,MODERATE,0.70,293.000000,336.950000,269.560000,1.87,1D,FALLBACK,0.70,No,N/A,N/A,N/A,N/A,Generated signal for BNBUSDT,2023-11-10 00:00:00,2025-10-09 06:31:40
2023-11-11,00:00:00,BNBUSDT,BUY,STRONG,0.80,328.900000,378.235000,302.588000,1.87,1D,FALLBACK,0.80,No,N/A,N/A,N/A,N/A,Generated signal for BNBUSDT,2023-11-11 00:00:00,2025-10-09 06:31:40
2023-11-28,00:00:00,BNBUSDT,SELL,MODERATE,0.70,252.100000,214.285000,272.268000,1.87,1D,FALLBACK,0.70,No,N/A,N/A,N/A,N/A,Generated signal for BNBUSDT,2023-11-28 00:00:00,2025-10-09 06:31:40
2023-11-30,00:00:00,BNBUSDT,SELL,MODERATE,0.70,326.410000,277.448500,352.522800,1.87,1D,FALLBACK,0.70,No,N/A,N/A,N/A,N/A,Generated signal for BNBUSDT,2023-11-30 00:00:00,2025-10-09 06:31:40
2023-12-03,00:00:00,BNBUSDT,SELL,MODERATE,0.70,309.560000,263.126000,334.324800,1.87,1D,FALLBACK,0.70,No,N/A,N/A,N/A,N/A,Generated signal for BNBUSDT,2023-12-03 00:00:00,2025-10-09 06:31:40
2023-12-07,00:00:00,BNBUSDT,SELL,MODERATE,0.70,284.360000,241.706000,307.108800,1.87,1D,FALLBACK,0.70,No,N/A,N/A,N/A,N/A,Generated signal for BNBUSDT,2023-12-07 00:00:00,2025-10-09 06:31:40
2023-12-10,00:00:00,BNBUSDT,SELL,MODERATE,0.70,328.340000,279.089000,354.607200,1.87,1D,FALLBACK,0.70,No,N/A,N/A,N/A,N/A,Generated signal for BNBUSDT,2023-12-10 00:00:00,2025-10-09 06:31:40
2023-12-13,00:00:00,BNBUSDT,SELL,MODERATE,0.70,290.790000,247.171500,314.053200,1.87,1D,FALLBACK,0.70,No,N/A,N/A,N/A,N/A,Generated signal for BNBUSDT,2023-12-13 00:00:00,2025-10-09 06:31:40
2023-12-15,00:00:00,BNBUSDT,SELL,MODERATE,0.70,316.110000,268.693500,341.398800,1.87,1D,FALLBACK,0.70,No,N/A,N/A,N/A,N/A,Generated signal for BNBUSDT,2023-12-15 00:00:00,2025-10-09 06:31:40
2023-12-22,00:00:00,BNBUSDT,BUY,MODERATE,0.70,259.970000,298.965500,239.172400,1.88,1D,FALLBACK,0.70,No,N/A,N/A,N/A,N/A,Generated signal for BNBUSDT,2023-12-22 00:00:00,2025-10-09 06:31:40
2023-12-24,00:00:00,BNBUSDT,BUY,MODERATE,0.70,327.250000,376.337500,301.070000,1.87,1D,FALLBACK,0.70,No,N/A,N/A,N/A,N/A,Generated signal for BNBUSDT,2023-12-24 00:00:00,2025-10-09 06:31:40
2023-12-29,00:00:00,BNBUSDT,BUY,MODERATE,0.70,250.410000,287.971500,230.377200,1.88,1D,FALLBACK,0.70,No,N/A,N/A,N/A,N/A,Generated signal for BNBUSDT,2023-12-29 00:00:00,2025-10-09 06:31:40
2023-12-30,00:00:00,BNBUSDT,BUY,MODERATE,0.70,239.460000,275.379000,220.303200,1.87,1D,FALLBACK,0.70,No,N/A,N/A,N/A,N/A,Generated signal for BNBUSDT,2023-12-30 00:00:00,2025-10-09 06:31:40
2024-01-16,00:00:00,BNBUSDT,BUY,MODERATE,0.70,484.460000,557.129000,445.703200,1.87,1D,FALLBACK,0.70,No,N/A,N/A,N/A,N/A,Generated signal for BNBUSDT,2024-01-16 00:00:00,2025-10-09 06:31:40
2024-01-19,00:00:00,BNBUSDT,BUY,MODERATE,0.70,492.210000,566.041500,452.833200,1.87,1D,FALLBACK,0.70,No,N/A,N/A,N/A,N/A,Generated signal for BNBUSDT,2024-01-19 00:00:00,2025-10-09 06:31:40
2024-01-20,00:00:00,BNBUSDT,BUY,MODERATE,0.70,541.170000,622.345500,497.876400,1.88,1D,FALLBACK,0.70,No,N/A,N/A,N/A,N/A,Generated signal for BNBUSDT,2024-01-20 00:00:00,2025-10-09 06:31:40
2024-01-23,00:00:00,BNBUSDT,BUY,MODERATE,0.70,483.100000,555.565000,444.452000,1.87,1D,FALLBACK,0.70,No,N/A,N/A,N/A,N/A,Generated signal for BNBUSDT,2024-01-23 00:00:00,2025-10-09 06:31:40
2024-01-28,00:00:00,BNBUSDT,BUY,MODERATE,0.70,581.890000,669.173500,535.338800,1.87,1D,FALLBACK,0.70,No,N/A,N/A,N/A,N/A,Generated signal for BNBUSDT,2024-01-28 00:00:00,2025-10-09 06:31:40
2024-02-01,00:00:00,BNBUSDT,BUY,MODERATE,0.70,557.690000,641.343500,513.074800,1.88,1D,FALLBACK,0.70,No,N/A,N/A,N/A,N/A,Generated signal for BNBUSDT,2024-02-01 00:00:00,2025-10-09 06:31:40
2024-02-03,00:00:00,BNBUSDT,BUY,MODERATE,0.70,590.840000,679.466000,543.572800,1.87,1D,FALLBACK,0.70,No,N/A,N/A,N/A,N/A,Generated signal for BNBUSDT,2024-02-03 00:00:00,2025-10-09 06:31:40
2024-02-04,00:00:00,BNBUSDT,BUY,MODERATE,0.70,400.950000,461.092500,368.874000,1.88,1D,FALLBACK,0.70,No,N/A,N/A,N/A,N/A,Generated signal for BNBUSDT,2024-02-04 00:00:00,2025-10-09 06:31:40
2024-02-07,00:00:00,BNBUSDT,BUY,MODERATE,0.70,469.380000,539.787000,431.829600,1.87,1D,FALLBACK,0.70,No,N/A,N/A,N/A,N/A,Generated signal for BNBUSDT,2024-02-07 00:00:00,2025-10-09 06:31:40
2024-02-13,00:00:00,BNBUSDT,BUY,MODERATE,0.70,442.080000,508.392000,406.713600,1.87,1D,FALLBACK,0.70,No,N/A,N/A,N/A,N/A,Generated signal for BNBUSDT,2024-02-13 00:00:00,2025-10-09 06:31:40
2024-02-17,00:00:00,BNBUSDT,BUY,MODERATE,0.70,405.150000,465.922500,372.738000,1.88,1D,FALLBACK,0.70,No,N/A,N/A,N/A,N/A,Generated signal for BNBUSDT,2024-02-17 00:00:00,2025-10-09 06:31:40
2024-02-25,00:00:00,BNBUSDT,BUY,STRONG,0.80,554.710000,637.916500,510.333200,1.88,1D,FALLBACK,0.80,No,N/A,N/A,N/A,N/A,Generated signal for BNBUSDT,2024-02-25 00:00:00,2025-10-09 06:31:40
2024-02-29,00:00:00,BNBUSDT,BUY,MODERATE,0.70,451.010000,518.661500,414.929200,1.88,1D,FALLBACK,0.70,No,N/A,N/A,N/A,N/A,Generated signal for BNBUSDT,2024-02-29 00:00:00,2025-10-09 06:31:40
2024-03-13,00:00:00,BNBUSDT,SELL,MODERATE,0.70,596.710000,507.203500,644.446800,1.87,1D,FALLBACK,0.70,No,N/A,N/A,N/A,N/A,Generated signal for BNBUSDT,2024-03-13 00:00:00,2025-10-09 06:31:40
2024-03-15,00:00:00,BNBUSDT,SELL,MODERATE,0.70,451.400000,383.690000,487.512000,1.87,1D,FALLBACK,0.70,No,N/A,N/A,N/A,N/A,Generated signal for BNBUSDT,2024-03-15 00:00:00,2025-10-09 06:31:40
2024-03-18,00:00:00,BNBUSDT,SELL,MODERATE,0.70,503.650000,428.102500,543.942000,1.87,1D,FALLBACK,0.70,No,N/A,N/A,N/A,N/A,Generated signal for BNBUSDT,2024-03-18 00:00:00,2025-10-09 06:31:40
2024-03-19,00:00:00,BNBUSDT,SELL,MODERATE,0.70,487.320000,414.222000,526.305600,1.87,1D,FALLBACK,0.70,No,N/A,N/A,N/A,N/A,Generated signal for BNBUSDT,2024-03-19 00:00:00,2025-10-09 06:31:40
2024-03-26,00:00:00,BNBUSDT,SELL,MODERATE,0.70,581.950000,494.657500,628.506000,1.87,1D,FALLBACK,0.70,No,N/A,N/A,N/A,N/A,Generated signal for BNBUSDT,2024-03-26 00:00:00,2025-10-09 06:31:40
2024-03-29,00:00:00,BNBUSDT,SELL,MODERATE,0.70,448.740000,381.429000,484.639200,1.88,1D,FALLBACK,0.70,No,N/A,N/A,N/A,N/A,Generated signal for BNBUSDT,2024-03-29 00:00:00,2025-10-09 06:31:40
2024-03-30,00:00:00,BNBUSDT,SELL,MODERATE,0.70,560.670000,476.569500,605.523600,1.87,1D,FALLBACK,0.70,No,N/A,N/A,N/A,N/A,Generated signal for BNBUSDT,2024-03-30 00:00:00,2025-10-09 06:31:40
2024-04-03,00:00:00,BNBUSDT,SELL,MODERATE,0.70,550.920000,468.282000,594.993600,1.87,1D,FALLBACK,0.70,No,N/A,N/A,N/A,N/A,Generated signal for BNBUSDT,2024-04-03 00:00:00,2025-10-09 06:31:40
2024-04-06,00:00:00,BNBUSDT,SELL,MODERATE,0.70,442.580000,376.193000,477.986400,1.87,1D,FALLBACK,0.70,No,N/A,N/A,N/A,N/A,Generated signal for BNBUSDT,2024-04-06 00:00:00,2025-10-09 06:31:40
2024-04-10,00:00:00,BNBUSDT,SELL,MODERATE,0.70,543.720000,462.162000,587.217600,1.87,1D,FALLBACK,0.70,No,N/A,N/A,N/A,N/A,Generated signal for BNBUSDT,2024-04-10 00:00:00,2025-10-09 06:31:40
2024-04-16,00:00:00,BNBUSDT,SELL,MODERATE,0.70,462.960000,393.516000,499.996800,1.87,1D,FALLBACK,0.70,No,N/A,N/A,N/A,N/A,Generated signal for BNBUSDT,2024-04-16 00:00:00,2025-10-09 06:31:40
2024-04-21,00:00:00,BNBUSDT,SELL,MODERATE,0.70,498.730000,423.920500,538.628400,1.87,1D,FALLBACK,0.70,No,N/A,N/A,N/A,N/A,Generated signal for BNBUSDT,2024-04-21 00:00:00,2025-10-09 06:31:40
2024-04-28,00:00:00,BNBUSDT,BUY,MODERATE,0.70,450.840000,518.466000,414.772800,1.88,1D,FALLBACK,0.70,No,N/A,N/A,N/A,N/A,Generated signal for BNBUSDT,2024-04-28 00:00:00,2025-10-09 06:31:40
2024-05-09,00:00:00,BNBUSDT,BUY,MODERATE,0.70,443.110000,509.576500,407.661200,1.87,1D,FALLBACK,0.70,No,N/A,N/A,N/A,N/A,Generated signal for BNBUSDT,2024-05-09 00:00:00,2025-10-09 06:31:40
2024-05-21,00:00:00,BNBUSDT,BUY,MODERATE,0.70,569.290000,654.683500,523.746800,1.87,1D,FALLBACK,0.70,No,N/A,N/A,N/A,N/A,Generated signal for BNBUSDT,2024-05-21 00:00:00,2025-10-09 06:31:40
2024-05-31,00:00:00,BNBUSDT,BUY,MODERATE,0.70,551.030000,633.684500,506.947600,1.88,1D,FALLBACK,0.70,No,N/A,N/A,N/A,N/A,Generated signal for BNBUSDT,2024-05-31 00:00:00,2025-10-09 06:31:40
2024-06-11,00:00:00,BNBUSDT,BUY,MODERATE,0.70,494.180000,568.307000,454.645600,1.88,1D,FALLBACK,0.70,No,N/A,N/A,N/A,N/A,Generated signal for BNBUSDT,2024-06-11 00:00:00,2025-10-09 06:31:40
2024-06-19,00:00:00,BNBUSDT,SELL,MODERATE,0.70,574.490000,488.316500,620.449200,1.87,1D,FALLBACK,0.70,No,N/A,N/A,N/A,N/A,Generated signal for BNBUSDT,2024-06-19 00:00:00,2025-10-09 06:31:40
2024-06-23,00:00:00,BNBUSDT,SELL,MODERATE,0.70,583.980000,496.383000,630.698400,1.87,1D,FALLBACK,0.70,No,N/A,N/A,N/A,N/A,Generated signal for BNBUSDT,2024-06-23 00:00:00,2025-10-09 06:31:40
2024-06-25,00:00:00,BNBUSDT,SELL,MODERATE,0.70,554.000000,470.900000,598.320000,1.87,1D,FALLBACK,0.70,No,N/A,N/A,N/A,N/A,Generated signal for BNBUSDT,2024-06-25 00:00:00,2025-10-09 06:31:40
2024-06-30,00:00:00,BNBUSDT,SELL,MODERATE,0.70,596.230000,506.795500,643.928400,1.88,1D,FALLBACK,0.70,No,N/A,N/A,N/A,N/A,Generated signal for BNBUSDT,2024-06-30 00:00:00,2025-10-09 06:31:40
2024-07-01,00:00:00,BNBUSDT,SELL,MODERATE,0.70,485.220000,412.437000,524.037600,1.87,1D,FALLBACK,0.70,No,N/A,N/A,N/A,N/A,Generated signal for BNBUSDT,2024-07-01 00:00:00,2025-10-09 06:31:40
2024-07-02,00:00:00,BNBUSDT,SELL,MODERATE,0.70,594.440000,505.274000,641.995200,1.87,1D,FALLBACK,0.70,No,N/A,N/A,N/A,N/A,Generated signal for BNBUSDT,2024-07-02 00:00:00,2025-10-09 06:31:40
2024-07-05,00:00:00,BNBUSDT,SELL,MODERATE,0.70,518.850000,441.022500,560.358000,1.87,1D,FALLBACK,0.70,No,N/A,N/A,N/A,N/A,Generated signal for BNBUSDT,2024-07-05 00:00:00,2025-10-09 06:31:40
2024-07-09,00:00:00,BNBUSDT,BUY,MODERATE,0.70,469.080000,539.442000,431.553600,1.87,1D,FALLBACK,0.70,No,N/A,N/A,N/A,N/A,Generated signal for BNBUSDT,2024-07-09 00:00:00,2025-10-09 06:31:40
2024-07-17,00:00:00,BNBUSDT,BUY,MODERATE,0.70,451.370000,519.075500,415.260400,1.87,1D,FALLBACK,0.70,No,N/A,N/A,N/A,N/A,Generated signal for BNBUSDT,2024-07-17 00:00:00,2025-10-09 06:31:40
2024-07-18,00:00:00,BNBUSDT,BUY,MODERATE,0.70,489.150000,562.522500,450.018000,1.87,1D,FALLBACK,0.70,No,N/A,N/A,N/A,N/A,Generated signal for BNBUSDT,2024-07-18 00:00:00,2025-10-09 06:31:40
2024-08-07,00:00:00,BNBUSDT,BUY,MODERATE,0.70,577.750000,664.412500,531.530000,1.87,1D,FALLBACK,0.70,No,N/A,N/A,N/A,N/A,Generated signal for BNBUSDT,2024-08-07 00:00:00,2025-10-09 06:31:40
2024-08-08,00:00:00,BNBUSDT,BUY,MODERATE,0.70,544.060000,625.669000,500.535200,1.87,1D,FALLBACK,0.70,No,N/A,N/A,N/A,N/A,Generated signal for BNBUSDT,2024-08-08 00:00:00,2025-10-09 06:31:40
2024-08-10,00:00:00,BNBUSDT,BUY,MODERATE,0.70,460.520000,529.598000,423.678400,1.88,1D,FALLBACK,0.70,No,N/A,N/A,N/A,N/A,Generated signal for BNBUSDT,2024-08-10 00:00:00,2025-10-09 06:31:40
2024-08-13,00:00:00,BNBUSDT,BUY,MODERATE,0.70,449.470000,516.890500,413.512400,1.88,1D,FALLBACK,0.70,No,N/A,N/A,N/A,N/A,Generated signal for BNBUSDT,2024-08-13 00:00:00,2025-10-09 06:31:40
2024-08-14,00:00:00,BNBUSDT,BUY,MODERATE,0.70,501.620000,576.863000,461.490400,1.87,1D,FALLBACK,0.70,No,N/A,N/A,N/A,N/A,Generated signal for BNBUSDT,2024-08-14 00:00:00,2025-10-09 06:31:40
2024-08-16,00:00:00,BNBUSDT,BUY,MODERATE,0.70,486.660000,559.659000,447.727200,1.87,1D,FALLBACK,0.70,No,N/A,N/A,N/A,N/A,Generated signal for BNBUSDT,2024-08-16 00:00:00,2025-10-09 06:31:40
2024-08-27,00:00:00,BNBUSDT,SELL,MODERATE,0.70,561.240000,477.054000,606.139200,1.87,1D,FALLBACK,0.70,No,N/A,N/A,N/A,N/A,Generated signal for BNBUSDT,2024-08-27 00:00:00,2025-10-09 06:31:40
2024-08-31,00:00:00,BNBUSDT,SELL,MODERATE,0.70,404.210000,343.578500,436.546800,1.87,1D,FALLBACK,0.70,No,N/A,N/A,N/A,N/A,Generated signal for BNBUSDT,2024-08-31 00:00:00,2025-10-09 06:31:40
2024-09-01,00:00:00,BNBUSDT,SELL,MODERATE,0.70,558.970000,475.124500,603.687600,1.87,1D,FALLBACK,0.70,No,N/A,N/A,N/A,N/A,Generated signal for BNBUSDT,2024-09-01 00:00:00,2025-10-09 06:31:40
2024-09-03,00:00:00,BNBUSDT,SELL,MODERATE,0.70,528.490000,449.216500,570.769200,1.87,1D,FALLBACK,0.70,No,N/A,N/A,N/A,N/A,Generated signal for BNBUSDT,2024-09-03 00:00:00,2025-10-09 06:31:40
2024-09-06,00:00:00,BNBUSDT,SELL,MODERATE,0.70,467.570000,397.434500,504.975600,1.87,1D,FALLBACK,0.70,No,N/A,N/A,N/A,N/A,Generated signal for BNBUSDT,2024-09-06 00:00:00,2025-10-09 06:31:40
2024-09-07,00:00:00,BNBUSDT,SELL,MODERATE,0.70,450.400000,382.840000,486.432000,1.87,1D,FALLBACK,0.70,No,N/A,N/A,N/A,N/A,Generated signal for BNBUSDT,2024-09-07 00:00:00,2025-10-09 06:31:40
2024-09-10,00:00:00,BNBUSDT,SELL,MODERATE,0.70,591.010000,502.358500,638.290800,1.88,1D,FALLBACK,0.70,No,N/A,N/A,N/A,N/A,Generated signal for BNBUSDT,2024-09-10 00:00:00,2025-10-09 06:31:40
2024-09-14,00:00:00,BNBUSDT,SELL,MODERATE,0.70,489.580000,416.143000,528.746400,1.87,1D,FALLBACK,0.70,No,N/A,N/A,N/A,N/A,Generated signal for BNBUSDT,2024-09-14 00:00:00,2025-10-09 06:31:40
2024-09-22,00:00:00,BNBUSDT,BUY,MODERATE,0.70,562.410000,646.771500,517.417200,1.88,1D,FALLBACK,0.70,No,N/A,N/A,N/A,N/A,Generated signal for BNBUSDT,2024-09-22 00:00:00,2025-10-09 06:31:40
2024-09-24,00:00:00,BNBUSDT,SELL,MODERATE,0.70,572.890000,486.956500,618.721200,1.87,1D,FALLBACK,0.70,No,N/A,N/A,N/A,N/A,Generated signal for BNBUSDT,2024-09-24 00:00:00,2025-10-09 06:31:40
2024-09-28,00:00:00,BNBUSDT,BUY,MODERATE,0.70,403.800000,464.370000,371.496000,1.88,1D,FALLBACK,0.70,No,N/A,N/A,N/A,N/A,Generated signal for BNBUSDT,2024-09-28 00:00:00,2025-10-09 06:31:40
2024-09-30,00:00:00,BNBUSDT,BUY,MODERATE,0.70,443.780000,510.347000,408.277600,1.88,1D,FALLBACK,0.70,No,N/A,N/A,N/A,N/A,Generated signal for BNBUSDT,2024-09-30 00:00:00,2025-10-09 06:31:40
2024-10-01,00:00:00,BNBUSDT,BUY,MODERATE,0.70,479.000000,550.850000,440.680000,1.87,1D,FALLBACK,0.70,No,N/A,N/A,N/A,N/A,Generated signal for BNBUSDT,2024-10-01 00:00:00,2025-10-09 06:31:40
2024-10-05,00:00:00,BNBUSDT,BUY,MODERATE,0.70,485.240000,558.026000,446.420800,1.88,1D,FALLBACK,0.70,No,N/A,N/A,N/A,N/A,Generated signal for BNBUSDT,2024-10-05 00:00:00,2025-10-09 06:31:40
2024-10-10,00:00:00,BNBUSDT,BUY,MODERATE,0.70,512.230000,589.064500,471.251600,1.88,1D,FALLBACK,0.70,No,N/A,N/A,N/A,N/A,Generated signal for BNBUSDT,2024-10-10 00:00:00,2025-10-09 06:31:40
2024-10-19,00:00:00,BNBUSDT,BUY,MODERATE,0.70,450.400000,517.960000,414.368000,1.87,1D,FALLBACK,0.70,No,N/A,N/A,N/A,N/A,Generated signal for BNBUSDT,2024-10-19 00:00:00,2025-10-09 06:31:40
2024-10-20,00:00:00,BNBUSDT,BUY,MODERATE,0.70,449.000000,516.350000,413.080000,1.87,1D,FALLBACK,0.70,No,N/A,N/A,N/A,N/A,Generated signal for BNBUSDT,2024-10-20 00:00:00,2025-10-09 06:31:40
2024-10-22,00:00:00,BNBUSDT,BUY,MODERATE,0.70,518.060000,595.769000,476.615200,1.87,1D,FALLBACK,0.70,No,N/A,N/A,N/A,N/A,Generated signal for BNBUSDT,2024-10-22 00:00:00,2025-10-09 06:31:40
2024-10-24,00:00:00,BNBUSDT,BUY,MODERATE,0.70,563.950000,648.542500,518.834000,1.88,1D,FALLBACK,0.70,No,N/A,N/A,N/A,N/A,Generated signal for BNBUSDT,2024-10-24 00:00:00,2025-10-09 06:31:40
2024-10-25,00:00:00,BNBUSDT,BUY,MODERATE,0.70,424.860000,488.589000,390.871200,1.88,1D,FALLBACK,0.70,No,N/A,N/A,N/A,N/A,Generated signal for BNBUSDT,2024-10-25 00:00:00,2025-10-09 06:31:40
2024-10-27,00:00:00,BNBUSDT,BUY,MODERATE,0.70,455.730000,524.089500,419.271600,1.87,1D,FALLBACK,0.70,No,N/A,N/A,N/A,N/A,Generated signal for BNBUSDT,2024-10-27 00:00:00,2025-10-09 06:31:40
2024-11-01,00:00:00,BNBUSDT,SELL,MODERATE,0.70,576.130000,489.710500,622.220400,1.87,1D,FALLBACK,0.70,No,N/A,N/A,N/A,N/A,Generated signal for BNBUSDT,2024-11-01 00:00:00,2025-10-09 06:31:40
2024-11-03,00:00:00,BNBUSDT,SELL,MODERATE,0.70,465.930000,396.040500,503.204400,1.87,1D,FALLBACK,0.70,No,N/A,N/A,N/A,N/A,Generated signal for BNBUSDT,2024-11-03 00:00:00,2025-10-09 06:31:40
2024-11-09,00:00:00,BNBUSDT,SELL,MODERATE,0.70,530.700000,451.095000,573.156000,1.87,1D,FALLBACK,0.70,No,N/A,N/A,N/A,N/A,Generated signal for BNBUSDT,2024-11-09 00:00:00,2025-10-09 06:31:40
2024-11-15,00:00:00,BNBUSDT,SELL,MODERATE,0.70,404.180000,343.553000,436.514400,1.87,1D,FALLBACK,0.70,No,N/A,N/A,N/A,N/A,Generated signal for BNBUSDT,2024-11-15 00:00:00,2025-10-09 06:31:40
2024-11-16,00:00:00,BNBUSDT,SELL,MODERATE,0.70,496.820000,422.297000,536.565600,1.87,1D,FALLBACK,0.70,No,N/A,N/A,N/A,N/A,Generated signal for BNBUSDT,2024-11-16 00:00:00,2025-10-09 06:31:40
2024-11-21,00:00:00,BNBUSDT,SELL,MODERATE,0.70,490.810000,417.188500,530.074800,1.88,1D,FALLBACK,0.70,No,N/A,N/A,N/A,N/A,Generated signal for BNBUSDT,2024-11-21 00:00:00,2025-10-09 06:31:40
2024-11-26,00:00:00,BNBUSDT,SELL,MODERATE,0.70,567.660000,482.511000,613.072800,1.87,1D,FALLBACK,0.70,No,N/A,N/A,N/A,N/A,Generated signal for BNBUSDT,2024-11-26 00:00:00,2025-10-09 06:31:40
2024-12-02,00:00:00,BNBUSDT,BUY,MODERATE,0.70,517.060000,594.619000,475.695200,1.87,1D,FALLBACK,0.70,No,N/A,N/A,N/A,N/A,Generated signal for BNBUSDT,2024-12-02 00:00:00,2025-10-09 06:31:40
2024-12-09,00:00:00,BNBUSDT,BUY,MODERATE,0.70,518.060000,595.769000,476.615200,1.87,1D,FALLBACK,0.70,No,N/A,N/A,N/A,N/A,Generated signal for BNBUSDT,2024-12-09 00:00:00,2025-10-09 06:31:40
2024-12-13,00:00:00,BNBUSDT,BUY,MODERATE,0.70,492.330000,566.179500,452.943600,1.88,1D,FALLBACK,0.70,No,N/A,N/A,N/A,N/A,Generated signal for BNBUSDT,2024-12-13 00:00:00,2025-10-09 06:31:40
2024-12-19,00:00:00,BNBUSDT,BUY,MODERATE,0.70,460.530000,529.609500,423.687600,1.87,1D,FALLBACK,0.70,No,N/A,N/A,N/A,N/A,Generated signal for BNBUSDT,2024-12-19 00:00:00,2025-10-09 06:31:40
2024-12-23,00:00:00,BNBUSDT,SELL,MODERATE,0.70,542.530000,461.150500,585.932400,1.87,1D,FALLBACK,0.70,No,N/A,N/A,N/A,N/A,Generated signal for BNBUSDT,2024-12-23 00:00:00,2025-10-09 06:31:40
