Date,Time,Symbol,Signal Type,Strength,Confidence Score,Entry Price,Target Price,Stop Loss,Risk/Reward Ratio,Timeframe,Entry Point Type,Quality Score,Is Executed,Execution Price,Is Profitable,Profit/Loss,Performance %,Notes,Created At,Updated At
2021-02-20,00:00:00,DOTUSDT,SELL,MODERATE,0.70,25.420000,21.607000,27.453600,1.87,1D,FALLBACK,0.70,No,N/A,N/A,N/A,N/A,Generated signal for DOTUSDT,2021-02-20 00:00:00,2025-10-09 08:09:29
2021-02-21,00:00:00,DOTUSDT,SELL,MODERATE,0.70,28.990000,24.641500,31.309200,1.87,1D,FALLBACK,0.70,No,N/A,N/A,N/A,N/A,Generated signal for DOTUSDT,2021-02-21 00:00:00,2025-10-09 08:09:29
2021-02-27,00:00:00,DOTUSDT,SELL,MODERATE,0.70,23.220000,19.737000,25.077600,1.87,1D,FALLBACK,0.70,No,N/A,N/A,N/A,N/A,Generated signal for DOTUSDT,2021-02-27 00:00:00,2025-10-09 08:09:29
2021-03-04,00:00:00,DOTUSDT,SELL,STRONG,0.80,22.070000,18.759500,23.835600,1.87,1D,FALLBACK,0.80,No,N/A,N/A,N/A,N/A,Generated signal for DOTUSDT,2021-03-04 00:00:00,2025-10-09 08:09:29
2021-03-07,00:00:00,DOTUSDT,SELL,MODERATE,0.70,29.970000,25.474500,32.367600,1.87,1D,FALLBACK,0.70,No,N/A,N/A,N/A,N/A,Generated signal for DOTUSDT,2021-03-07 00:00:00,2025-10-09 08:09:29
2021-03-12,00:00:00,DOTUSDT,SELL,MODERATE,0.70,23.970000,20.374500,25.887600,1.88,1D,FALLBACK,0.70,No,N/A,N/A,N/A,N/A,Generated signal for DOTUSDT,2021-03-12 00:00:00,2025-10-09 08:09:29
2021-04-01,00:00:00,DOTUSDT,SELL,MODERATE,0.70,23.420000,19.907000,25.293600,1.87,1D,FALLBACK,0.70,No,N/A,N/A,N/A,N/A,Generated signal for DOTUSDT,2021-04-01 00:00:00,2025-10-09 08:09:29
2021-04-03,00:00:00,DOTUSDT,SELL,MODERATE,0.70,27.170000,23.094500,29.343600,1.88,1D,FALLBACK,0.70,No,N/A,N/A,N/A,N/A,Generated signal for DOTUSDT,2021-04-03 00:00:00,2025-10-09 08:09:29
2021-04-06,00:00:00,DOTUSDT,SELL,STRONG,0.80,20.690000,17.586500,22.345200,1.87,1D,FALLBACK,0.80,No,N/A,N/A,N/A,N/A,Generated signal for DOTUSDT,2021-04-06 00:00:00,2025-10-09 08:09:29
2021-04-12,00:00:00,DOTUSDT,SELL,MODERATE,0.70,21.940000,18.649000,23.695200,1.87,1D,FALLBACK,0.70,No,N/A,N/A,N/A,N/A,Generated signal for DOTUSDT,2021-04-12 00:00:00,2025-10-09 08:09:29
2021-04-14,00:00:00,DOTUSDT,SELL,MODERATE,0.70,26.150000,22.227500,28.242000,1.87,1D,FALLBACK,0.70,No,N/A,N/A,N/A,N/A,Generated signal for DOTUSDT,2021-04-14 00:00:00,2025-10-09 08:09:29
2021-04-15,00:00:00,DOTUSDT,SELL,MODERATE,0.70,29.190000,24.811500,31.525200,1.87,1D,FALLBACK,0.70,No,N/A,N/A,N/A,N/A,Generated signal for DOTUSDT,2021-04-15 00:00:00,2025-10-09 08:09:29
2021-04-18,00:00:00,DOTUSDT,SELL,MODERATE,0.70,21.060000,17.901000,22.744800,1.87,1D,FALLBACK,0.70,No,N/A,N/A,N/A,N/A,Generated signal for DOTUSDT,2021-04-18 00:00:00,2025-10-09 08:09:29
2021-05-01,00:00:00,DOTUSDT,SELL,STRONG,0.80,27.440000,23.324000,29.635200,1.87,1D,FALLBACK,0.80,No,N/A,N/A,N/A,N/A,Generated signal for DOTUSDT,2021-05-01 00:00:00,2025-10-09 08:09:29
2021-05-08,00:00:00,DOTUSDT,BUY,MODERATE,0.70,24.100000,27.715000,22.172000,1.87,1D,FALLBACK,0.70,No,N/A,N/A,N/A,N/A,Generated signal for DOTUSDT,2021-05-08 00:00:00,2025-10-09 08:09:29
2021-05-10,00:00:00,DOTUSDT,BUY,MODERATE,0.70,29.580000,34.017000,27.213600,1.88,1D,FALLBACK,0.70,No,N/A,N/A,N/A,N/A,Generated signal for DOTUSDT,2021-05-10 00:00:00,2025-10-09 08:09:29
2021-05-13,00:00:00,DOTUSDT,BUY,MODERATE,0.70,23.880000,27.462000,21.969600,1.87,1D,FALLBACK,0.70,No,N/A,N/A,N/A,N/A,Generated signal for DOTUSDT,2021-05-13 00:00:00,2025-10-09 08:09:29
2021-05-15,00:00:00,DOTUSDT,BUY,MODERATE,0.70,25.030000,28.784500,23.027600,1.88,1D,FALLBACK,0.70,No,N/A,N/A,N/A,N/A,Generated signal for DOTUSDT,2021-05-15 00:00:00,2025-10-09 08:09:29
2021-05-20,00:00:00,DOTUSDT,BUY,MODERATE,0.70,24.030000,27.634500,22.107600,1.87,1D,FALLBACK,0.70,No,N/A,N/A,N/A,N/A,Generated signal for DOTUSDT,2021-05-20 00:00:00,2025-10-09 08:09:29
2021-05-24,00:00:00,DOTUSDT,BUY,MODERATE,0.70,26.340000,30.291000,24.232800,1.87,1D,FALLBACK,0.70,No,N/A,N/A,N/A,N/A,Generated signal for DOTUSDT,2021-05-24 00:00:00,2025-10-09 08:09:29
2021-05-27,00:00:00,DOTUSDT,BUY,MODERATE,0.70,28.810000,33.131500,26.505200,1.87,1D,FALLBACK,0.70,No,N/A,N/A,N/A,N/A,Generated signal for DOTUSDT,2021-05-27 00:00:00,2025-10-09 08:09:29
2021-05-28,00:00:00,DOTUSDT,BUY,MODERATE,0.70,23.200000,26.680000,21.344000,1.88,1D,FALLBACK,0.70,No,N/A,N/A,N/A,N/A,Generated signal for DOTUSDT,2021-05-28 00:00:00,2025-10-09 08:09:29
2021-05-31,00:00:00,DOTUSDT,BUY,MODERATE,0.70,28.210000,32.441500,25.953200,1.88,1D,FALLBACK,0.70,No,N/A,N/A,N/A,N/A,Generated signal for DOTUSDT,2021-05-31 00:00:00,2025-10-09 08:09:29
2021-06-03,00:00:00,DOTUSDT,BUY,MODERATE,0.70,29.430000,33.844500,27.075600,1.88,1D,FALLBACK,0.70,No,N/A,N/A,N/A,N/A,Generated signal for DOTUSDT,2021-06-03 00:00:00,2025-10-09 08:09:29
2021-06-04,00:00:00,DOTUSDT,BUY,MODERATE,0.70,27.630000,31.774500,25.419600,1.87,1D,FALLBACK,0.70,No,N/A,N/A,N/A,N/A,Generated signal for DOTUSDT,2021-06-04 00:00:00,2025-10-09 08:09:29
2021-06-05,00:00:00,DOTUSDT,BUY,MODERATE,0.70,25.300000,29.095000,23.276000,1.88,1D,FALLBACK,0.70,No,N/A,N/A,N/A,N/A,Generated signal for DOTUSDT,2021-06-05 00:00:00,2025-10-09 08:09:29
2021-06-13,00:00:00,DOTUSDT,BUY,MODERATE,0.70,27.550000,31.682500,25.346000,1.87,1D,FALLBACK,0.70,No,N/A,N/A,N/A,N/A,Generated signal for DOTUSDT,2021-06-13 00:00:00,2025-10-09 08:09:29
2021-06-18,00:00:00,DOTUSDT,BUY,MODERATE,0.70,25.650000,29.497500,23.598000,1.87,1D,FALLBACK,0.70,No,N/A,N/A,N/A,N/A,Generated signal for DOTUSDT,2021-06-18 00:00:00,2025-10-09 08:09:29
2021-06-30,00:00:00,DOTUSDT,BUY,STRONG,0.80,28.890000,33.223500,26.578800,1.88,1D,FALLBACK,0.80,No,N/A,N/A,N/A,N/A,Generated signal for DOTUSDT,2021-06-30 00:00:00,2025-10-09 08:09:29
2021-07-03,00:00:00,DOTUSDT,SELL,MODERATE,0.70,27.600000,23.460000,29.808000,1.87,1D,FALLBACK,0.70,No,N/A,N/A,N/A,N/A,Generated signal for DOTUSDT,2021-07-03 00:00:00,2025-10-09 08:09:29
2021-07-05,00:00:00,DOTUSDT,SELL,MODERATE,0.70,29.580000,25.143000,31.946400,1.87,1D,FALLBACK,0.70,No,N/A,N/A,N/A,N/A,Generated signal for DOTUSDT,2021-07-05 00:00:00,2025-10-09 08:09:29
2021-07-14,00:00:00,DOTUSDT,BUY,MODERATE,0.70,28.640000,32.936000,26.348800,1.87,1D,FALLBACK,0.70,No,N/A,N/A,N/A,N/A,Generated signal for DOTUSDT,2021-07-14 00:00:00,2025-10-09 08:09:29
2021-07-16,00:00:00,DOTUSDT,BUY,MODERATE,0.70,29.400000,33.810000,27.048000,1.87,1D,FALLBACK,0.70,No,N/A,N/A,N/A,N/A,Generated signal for DOTUSDT,2021-07-16 00:00:00,2025-10-09 08:09:29
2021-08-05,00:00:00,DOTUSDT,SELL,MODERATE,0.70,29.570000,25.134500,31.935600,1.88,1D,FALLBACK,0.70,No,N/A,N/A,N/A,N/A,Generated signal for DOTUSDT,2021-08-05 00:00:00,2025-10-09 08:09:29
2021-08-14,00:00:00,DOTUSDT,SELL,MODERATE,0.70,21.250000,18.062500,22.950000,1.87,1D,FALLBACK,0.70,No,N/A,N/A,N/A,N/A,Generated signal for DOTUSDT,2021-08-14 00:00:00,2025-10-09 08:09:29
2021-08-20,00:00:00,DOTUSDT,SELL,MODERATE,0.70,27.840000,23.664000,30.067200,1.87,1D,FALLBACK,0.70,No,N/A,N/A,N/A,N/A,Generated signal for DOTUSDT,2021-08-20 00:00:00,2025-10-09 08:09:29
2021-08-25,00:00:00,DOTUSDT,SELL,MODERATE,0.70,22.350000,18.997500,24.138000,1.87,1D,FALLBACK,0.70,No,N/A,N/A,N/A,N/A,Generated signal for DOTUSDT,2021-08-25 00:00:00,2025-10-09 08:09:29
2021-08-31,00:00:00,DOTUSDT,SELL,MODERATE,0.70,21.570000,18.334500,23.295600,1.88,1D,FALLBACK,0.70,No,N/A,N/A,N/A,N/A,Generated signal for DOTUSDT,2021-08-31 00:00:00,2025-10-09 08:09:29
2021-09-01,00:00:00,DOTUSDT,SELL,MODERATE,0.70,28.150000,23.927500,30.402000,1.87,1D,FALLBACK,0.70,No,N/A,N/A,N/A,N/A,Generated signal for DOTUSDT,2021-09-01 00:00:00,2025-10-09 08:09:29
2021-09-07,00:00:00,DOTUSDT,SELL,MODERATE,0.70,27.010000,22.958500,29.170800,1.87,1D,FALLBACK,0.70,No,N/A,N/A,N/A,N/A,Generated signal for DOTUSDT,2021-09-07 00:00:00,2025-10-09 08:09:29
2021-09-16,00:00:00,DOTUSDT,BUY,MODERATE,0.70,22.710000,26.116500,20.893200,1.87,1D,FALLBACK,0.70,No,N/A,N/A,N/A,N/A,Generated signal for DOTUSDT,2021-09-16 00:00:00,2025-10-09 08:09:29
2021-09-24,00:00:00,DOTUSDT,BUY,MODERATE,0.70,23.540000,27.071000,21.656800,1.88,1D,FALLBACK,0.70,No,N/A,N/A,N/A,N/A,Generated signal for DOTUSDT,2021-09-24 00:00:00,2025-10-09 08:09:29
2021-09-25,00:00:00,DOTUSDT,BUY,MODERATE,0.70,27.620000,31.763000,25.410400,1.88,1D,FALLBACK,0.70,No,N/A,N/A,N/A,N/A,Generated signal for DOTUSDT,2021-09-25 00:00:00,2025-10-09 08:09:29
2021-09-28,00:00:00,DOTUSDT,BUY,MODERATE,0.70,20.930000,24.069500,19.255600,1.88,1D,FALLBACK,0.70,No,N/A,N/A,N/A,N/A,Generated signal for DOTUSDT,2021-09-28 00:00:00,2025-10-09 08:09:29
2021-09-29,00:00:00,DOTUSDT,BUY,MODERATE,0.70,22.530000,25.909500,20.727600,1.87,1D,FALLBACK,0.70,No,N/A,N/A,N/A,N/A,Generated signal for DOTUSDT,2021-09-29 00:00:00,2025-10-09 08:09:29
2021-10-08,00:00:00,DOTUSDT,SELL,MODERATE,0.70,29.270000,24.879500,31.611600,1.87,1D,FALLBACK,0.70,No,N/A,N/A,N/A,N/A,Generated signal for DOTUSDT,2021-10-08 00:00:00,2025-10-09 08:09:29
2021-10-10,00:00:00,DOTUSDT,SELL,MODERATE,0.70,29.160000,24.786000,31.492800,1.87,1D,FALLBACK,0.70,No,N/A,N/A,N/A,N/A,Generated signal for DOTUSDT,2021-10-10 00:00:00,2025-10-09 08:09:29
2021-10-17,00:00:00,DOTUSDT,SELL,MODERATE,0.70,23.960000,20.366000,25.876800,1.87,1D,FALLBACK,0.70,No,N/A,N/A,N/A,N/A,Generated signal for DOTUSDT,2021-10-17 00:00:00,2025-10-09 08:09:29
2021-10-19,00:00:00,DOTUSDT,SELL,MODERATE,0.70,26.680000,22.678000,28.814400,1.87,1D,FALLBACK,0.70,No,N/A,N/A,N/A,N/A,Generated signal for DOTUSDT,2021-10-19 00:00:00,2025-10-09 08:09:29
2021-10-20,00:00:00,DOTUSDT,SELL,MODERATE,0.70,23.240000,19.754000,25.099200,1.87,1D,FALLBACK,0.70,No,N/A,N/A,N/A,N/A,Generated signal for DOTUSDT,2021-10-20 00:00:00,2025-10-09 08:09:29
2021-10-23,00:00:00,DOTUSDT,BUY,MODERATE,0.70,23.740000,27.301000,21.840800,1.87,1D,FALLBACK,0.70,No,N/A,N/A,N/A,N/A,Generated signal for DOTUSDT,2021-10-23 00:00:00,2025-10-09 08:09:29
2021-10-25,00:00:00,DOTUSDT,BUY,MODERATE,0.70,20.120000,23.138000,18.510400,1.87,1D,FALLBACK,0.70,No,N/A,N/A,N/A,N/A,Generated signal for DOTUSDT,2021-10-25 00:00:00,2025-10-09 08:09:29
2021-10-26,00:00:00,DOTUSDT,BUY,MODERATE,0.70,20.060000,23.069000,18.455200,1.88,1D,FALLBACK,0.70,No,N/A,N/A,N/A,N/A,Generated signal for DOTUSDT,2021-10-26 00:00:00,2025-10-09 08:09:29
2021-10-29,00:00:00,DOTUSDT,BUY,MODERATE,0.70,23.230000,26.714500,21.371600,1.87,1D,FALLBACK,0.70,No,N/A,N/A,N/A,N/A,Generated signal for DOTUSDT,2021-10-29 00:00:00,2025-10-09 08:09:29
2021-11-03,00:00:00,DOTUSDT,SELL,MODERATE,0.70,23.800000,20.230000,25.704000,1.87,1D,FALLBACK,0.70,No,N/A,N/A,N/A,N/A,Generated signal for DOTUSDT,2021-11-03 00:00:00,2025-10-09 08:09:29
2021-11-06,00:00:00,DOTUSDT,BUY,MODERATE,0.70,21.910000,25.196500,20.157200,1.87,1D,FALLBACK,0.70,No,N/A,N/A,N/A,N/A,Generated signal for DOTUSDT,2021-11-06 00:00:00,2025-10-09 08:09:29
2021-11-24,00:00:00,DOTUSDT,BUY,MODERATE,0.70,23.390000,26.898500,21.518800,1.88,1D,FALLBACK,0.70,No,N/A,N/A,N/A,N/A,Generated signal for DOTUSDT,2021-11-24 00:00:00,2025-10-09 08:09:29
2021-11-25,00:00:00,DOTUSDT,BUY,MODERATE,0.70,27.590000,31.728500,25.382800,1.87,1D,FALLBACK,0.70,No,N/A,N/A,N/A,N/A,Generated signal for DOTUSDT,2021-11-25 00:00:00,2025-10-09 08:09:29
2021-11-26,00:00:00,DOTUSDT,BUY,MODERATE,0.70,20.910000,24.046500,19.237200,1.88,1D,FALLBACK,0.70,No,N/A,N/A,N/A,N/A,Generated signal for DOTUSDT,2021-11-26 00:00:00,2025-10-09 08:09:29
2021-12-06,00:00:00,DOTUSDT,SELL,MODERATE,0.70,27.230000,23.145500,29.408400,1.87,1D,FALLBACK,0.70,No,N/A,N/A,N/A,N/A,Generated signal for DOTUSDT,2021-12-06 00:00:00,2025-10-09 08:09:29
2021-12-13,00:00:00,DOTUSDT,SELL,STRONG,0.80,22.080000,18.768000,23.846400,1.87,1D,FALLBACK,0.80,No,N/A,N/A,N/A,N/A,Generated signal for DOTUSDT,2021-12-13 00:00:00,2025-10-09 08:09:29
2021-12-15,00:00:00,DOTUSDT,SELL,MODERATE,0.70,20.800000,17.680000,22.464000,1.87,1D,FALLBACK,0.70,No,N/A,N/A,N/A,N/A,Generated signal for DOTUSDT,2021-12-15 00:00:00,2025-10-09 08:09:29
2021-12-20,00:00:00,DOTUSDT,SELL,MODERATE,0.70,28.390000,24.131500,30.661200,1.88,1D,FALLBACK,0.70,No,N/A,N/A,N/A,N/A,Generated signal for DOTUSDT,2021-12-20 00:00:00,2025-10-09 08:09:29
2021-12-24,00:00:00,DOTUSDT,SELL,MODERATE,0.70,25.980000,22.083000,28.058400,1.87,1D,FALLBACK,0.70,No,N/A,N/A,N/A,N/A,Generated signal for DOTUSDT,2021-12-24 00:00:00,2025-10-09 08:09:29
2022-01-17,00:00:00,DOTUSDT,SELL,STRONG,0.80,14.740000,12.529000,15.919200,1.87,1D,FALLBACK,0.80,No,N/A,N/A,N/A,N/A,Generated signal for DOTUSDT,2022-01-17 00:00:00,2025-10-09 08:09:29
2022-01-18,00:00:00,DOTUSDT,SELL,MODERATE,0.70,13.550000,11.517500,14.634000,1.87,1D,FALLBACK,0.70,No,N/A,N/A,N/A,N/A,Generated signal for DOTUSDT,2022-01-18 00:00:00,2025-10-09 08:09:29
2022-01-19,00:00:00,DOTUSDT,SELL,MODERATE,0.70,14.380000,12.223000,15.530400,1.87,1D,FALLBACK,0.70,No,N/A,N/A,N/A,N/A,Generated signal for DOTUSDT,2022-01-19 00:00:00,2025-10-09 08:09:29
2022-01-20,00:00:00,DOTUSDT,SELL,MODERATE,0.70,13.430000,11.415500,14.504400,1.87,1D,FALLBACK,0.70,No,N/A,N/A,N/A,N/A,Generated signal for DOTUSDT,2022-01-20 00:00:00,2025-10-09 08:09:29
2022-01-25,00:00:00,DOTUSDT,SELL,MODERATE,0.70,17.240000,14.654000,18.619200,1.87,1D,FALLBACK,0.70,No,N/A,N/A,N/A,N/A,Generated signal for DOTUSDT,2022-01-25 00:00:00,2025-10-09 08:09:29
2022-01-26,00:00:00,DOTUSDT,SELL,MODERATE,0.70,16.680000,14.178000,18.014400,1.87,1D,FALLBACK,0.70,No,N/A,N/A,N/A,N/A,Generated signal for DOTUSDT,2022-01-26 00:00:00,2025-10-09 08:09:29
2022-01-27,00:00:00,DOTUSDT,SELL,MODERATE,0.70,14.390000,12.231500,15.541200,1.87,1D,FALLBACK,0.70,No,N/A,N/A,N/A,N/A,Generated signal for DOTUSDT,2022-01-27 00:00:00,2025-10-09 08:09:29
2022-02-01,00:00:00,DOTUSDT,SELL,MODERATE,0.70,12.300000,10.455000,13.284000,1.87,1D,FALLBACK,0.70,No,N/A,N/A,N/A,N/A,Generated signal for DOTUSDT,2022-02-01 00:00:00,2025-10-09 08:09:29
2022-02-06,00:00:00,DOTUSDT,SELL,MODERATE,0.70,14.270000,12.129500,15.411600,1.87,1D,FALLBACK,0.70,No,N/A,N/A,N/A,N/A,Generated signal for DOTUSDT,2022-02-06 00:00:00,2025-10-09 08:09:29
2022-02-12,00:00:00,DOTUSDT,SELL,MODERATE,0.70,13.770000,11.704500,14.871600,1.87,1D,FALLBACK,0.70,No,N/A,N/A,N/A,N/A,Generated signal for DOTUSDT,2022-02-12 00:00:00,2025-10-09 08:09:29
2022-02-14,00:00:00,DOTUSDT,SELL,MODERATE,0.70,12.460000,10.591000,13.456800,1.87,1D,FALLBACK,0.70,No,N/A,N/A,N/A,N/A,Generated signal for DOTUSDT,2022-02-14 00:00:00,2025-10-09 08:09:29
2022-02-16,00:00:00,DOTUSDT,SELL,MODERATE,0.70,12.190000,10.361500,13.165200,1.87,1D,FALLBACK,0.70,No,N/A,N/A,N/A,N/A,Generated signal for DOTUSDT,2022-02-16 00:00:00,2025-10-09 08:09:29
2022-02-17,00:00:00,DOTUSDT,SELL,MODERATE,0.70,17.770000,15.104500,19.191600,1.87,1D,FALLBACK,0.70,No,N/A,N/A,N/A,N/A,Generated signal for DOTUSDT,2022-02-17 00:00:00,2025-10-09 08:09:29
2022-02-23,00:00:00,DOTUSDT,BUY,MODERATE,0.70,12.680000,14.582000,11.665600,1.87,1D,FALLBACK,0.70,No,N/A,N/A,N/A,N/A,Generated signal for DOTUSDT,2022-02-23 00:00:00,2025-10-09 08:09:29
2022-03-03,00:00:00,DOTUSDT,SELL,MODERATE,0.70,17.840000,15.164000,19.267200,1.87,1D,FALLBACK,0.70,No,N/A,N/A,N/A,N/A,Generated signal for DOTUSDT,2022-03-03 00:00:00,2025-10-09 08:09:29
2022-03-04,00:00:00,DOTUSDT,SELL,MODERATE,0.70,14.590000,12.401500,15.757200,1.87,1D,FALLBACK,0.70,No,N/A,N/A,N/A,N/A,Generated signal for DOTUSDT,2022-03-04 00:00:00,2025-10-09 08:09:29
2022-03-06,00:00:00,DOTUSDT,SELL,MODERATE,0.70,17.400000,14.790000,18.792000,1.88,1D,FALLBACK,0.70,No,N/A,N/A,N/A,N/A,Generated signal for DOTUSDT,2022-03-06 00:00:00,2025-10-09 08:09:29
2022-03-10,00:00:00,DOTUSDT,SELL,MODERATE,0.70,17.500000,14.875000,18.900000,1.87,1D,FALLBACK,0.70,No,N/A,N/A,N/A,N/A,Generated signal for DOTUSDT,2022-03-10 00:00:00,2025-10-09 08:09:29
2022-03-16,00:00:00,DOTUSDT,BUY,MODERATE,0.70,17.100000,19.665000,15.732000,1.88,1D,FALLBACK,0.70,No,N/A,N/A,N/A,N/A,Generated signal for DOTUSDT,2022-03-16 00:00:00,2025-10-09 08:09:29
2022-03-17,00:00:00,DOTUSDT,BUY,MODERATE,0.70,16.500000,18.975000,15.180000,1.88,1D,FALLBACK,0.70,No,N/A,N/A,N/A,N/A,Generated signal for DOTUSDT,2022-03-17 00:00:00,2025-10-09 08:09:29
2022-03-20,00:00:00,DOTUSDT,BUY,MODERATE,0.70,12.220000,14.053000,11.242400,1.88,1D,FALLBACK,0.70,No,N/A,N/A,N/A,N/A,Generated signal for DOTUSDT,2022-03-20 00:00:00,2025-10-09 08:09:29
2022-03-25,00:00:00,DOTUSDT,BUY,MODERATE,0.70,16.870000,19.400500,15.520400,1.88,1D,FALLBACK,0.70,No,N/A,N/A,N/A,N/A,Generated signal for DOTUSDT,2022-03-25 00:00:00,2025-10-09 08:09:29
2022-04-06,00:00:00,DOTUSDT,BUY,MODERATE,0.70,16.490000,18.963500,15.170800,1.88,1D,FALLBACK,0.70,No,N/A,N/A,N/A,N/A,Generated signal for DOTUSDT,2022-04-06 00:00:00,2025-10-09 08:09:29
2022-04-07,00:00:00,DOTUSDT,BUY,MODERATE,0.70,13.140000,15.111000,12.088800,1.87,1D,FALLBACK,0.70,No,N/A,N/A,N/A,N/A,Generated signal for DOTUSDT,2022-04-07 00:00:00,2025-10-09 08:09:29
2022-04-08,00:00:00,DOTUSDT,BUY,MODERATE,0.70,15.540000,17.871000,14.296800,1.87,1D,FALLBACK,0.70,No,N/A,N/A,N/A,N/A,Generated signal for DOTUSDT,2022-04-08 00:00:00,2025-10-09 08:09:29
2022-04-11,00:00:00,DOTUSDT,BUY,MODERATE,0.70,14.380000,16.537000,13.229600,1.87,1D,FALLBACK,0.70,No,N/A,N/A,N/A,N/A,Generated signal for DOTUSDT,2022-04-11 00:00:00,2025-10-09 08:09:29
2022-04-20,00:00:00,DOTUSDT,SELL,MODERATE,0.70,12.440000,10.574000,13.435200,1.87,1D,FALLBACK,0.70,No,N/A,N/A,N/A,N/A,Generated signal for DOTUSDT,2022-04-20 00:00:00,2025-10-09 08:09:29
2022-04-23,00:00:00,DOTUSDT,SELL,MODERATE,0.70,15.970000,13.574500,17.247600,1.87,1D,FALLBACK,0.70,No,N/A,N/A,N/A,N/A,Generated signal for DOTUSDT,2022-04-23 00:00:00,2025-10-09 08:09:29
2022-04-24,00:00:00,DOTUSDT,SELL,MODERATE,0.70,15.540000,13.209000,16.783200,1.87,1D,FALLBACK,0.70,No,N/A,N/A,N/A,N/A,Generated signal for DOTUSDT,2022-04-24 00:00:00,2025-10-09 08:09:29
2022-04-26,00:00:00,DOTUSDT,SELL,MODERATE,0.70,12.230000,10.395500,13.208400,1.87,1D,FALLBACK,0.70,No,N/A,N/A,N/A,N/A,Generated signal for DOTUSDT,2022-04-26 00:00:00,2025-10-09 08:09:29
2022-05-01,00:00:00,DOTUSDT,SELL,MODERATE,0.70,13.430000,11.415500,14.504400,1.87,1D,FALLBACK,0.70,No,N/A,N/A,N/A,N/A,Generated signal for DOTUSDT,2022-05-01 00:00:00,2025-10-09 08:09:29
2022-05-12,00:00:00,DOTUSDT,SELL,STRONG,0.80,15.020000,12.767000,16.221600,1.87,1D,FALLBACK,0.80,No,N/A,N/A,N/A,N/A,Generated signal for DOTUSDT,2022-05-12 00:00:00,2025-10-09 08:09:29
2022-05-14,00:00:00,DOTUSDT,SELL,MODERATE,0.70,14.140000,12.019000,15.271200,1.87,1D,FALLBACK,0.70,No,N/A,N/A,N/A,N/A,Generated signal for DOTUSDT,2022-05-14 00:00:00,2025-10-09 08:09:29
2022-05-21,00:00:00,DOTUSDT,BUY,MODERATE,0.70,12.040000,13.846000,11.076800,1.88,1D,FALLBACK,0.70,No,N/A,N/A,N/A,N/A,Generated signal for DOTUSDT,2022-05-21 00:00:00,2025-10-09 08:09:29
2022-05-23,00:00:00,DOTUSDT,BUY,MODERATE,0.70,17.750000,20.412500,16.330000,1.88,1D,FALLBACK,0.70,No,N/A,N/A,N/A,N/A,Generated signal for DOTUSDT,2022-05-23 00:00:00,2025-10-09 08:09:29
2022-05-26,00:00:00,DOTUSDT,BUY,MODERATE,0.70,13.730000,15.789500,12.631600,1.87,1D,FALLBACK,0.70,No,N/A,N/A,N/A,N/A,Generated signal for DOTUSDT,2022-05-26 00:00:00,2025-10-09 08:09:29
2022-06-01,00:00:00,DOTUSDT,BUY,MODERATE,0.70,12.830000,14.754500,11.803600,1.88,1D,FALLBACK,0.70,No,N/A,N/A,N/A,N/A,Generated signal for DOTUSDT,2022-06-01 00:00:00,2025-10-09 08:09:29
2022-06-16,00:00:00,DOTUSDT,BUY,MODERATE,0.70,15.360000,17.664000,14.131200,1.87,1D,FALLBACK,0.70,No,N/A,N/A,N/A,N/A,Generated signal for DOTUSDT,2022-06-16 00:00:00,2025-10-09 08:09:29
2022-06-22,00:00:00,DOTUSDT,BUY,MODERATE,0.70,12.950000,14.892500,11.914000,1.87,1D,FALLBACK,0.70,No,N/A,N/A,N/A,N/A,Generated signal for DOTUSDT,2022-06-22 00:00:00,2025-10-09 08:09:29
2022-06-23,00:00:00,DOTUSDT,BUY,MODERATE,0.70,15.030000,17.284500,13.827600,1.88,1D,FALLBACK,0.70,No,N/A,N/A,N/A,N/A,Generated signal for DOTUSDT,2022-06-23 00:00:00,2025-10-09 08:09:29
2022-06-24,00:00:00,DOTUSDT,BUY,MODERATE,0.70,13.170000,15.145500,12.116400,1.87,1D,FALLBACK,0.70,No,N/A,N/A,N/A,N/A,Generated signal for DOTUSDT,2022-06-24 00:00:00,2025-10-09 08:09:29
2022-06-26,00:00:00,DOTUSDT,SELL,MODERATE,0.70,15.670000,13.319500,16.923600,1.87,1D,FALLBACK,0.70,No,N/A,N/A,N/A,N/A,Generated signal for DOTUSDT,2022-06-26 00:00:00,2025-10-09 08:09:29
2022-07-06,00:00:00,DOTUSDT,SELL,MODERATE,0.70,14.130000,12.010500,15.260400,1.87,1D,FALLBACK,0.70,No,N/A,N/A,N/A,N/A,Generated signal for DOTUSDT,2022-07-06 00:00:00,2025-10-09 08:09:29
2022-07-07,00:00:00,DOTUSDT,SELL,MODERATE,0.70,14.630000,12.435500,15.800400,1.87,1D,FALLBACK,0.70,No,N/A,N/A,N/A,N/A,Generated signal for DOTUSDT,2022-07-07 00:00:00,2025-10-09 08:09:29
2022-07-10,00:00:00,DOTUSDT,BUY,MODERATE,0.70,14.280000,16.422000,13.137600,1.88,1D,FALLBACK,0.70,No,N/A,N/A,N/A,N/A,Generated signal for DOTUSDT,2022-07-10 00:00:00,2025-10-09 08:09:29
2022-07-18,00:00:00,DOTUSDT,BUY,MODERATE,0.70,12.920000,14.858000,11.886400,1.87,1D,FALLBACK,0.70,No,N/A,N/A,N/A,N/A,Generated signal for DOTUSDT,2022-07-18 00:00:00,2025-10-09 08:09:29
2022-07-21,00:00:00,DOTUSDT,SELL,MODERATE,0.70,14.910000,12.673500,16.102800,1.87,1D,FALLBACK,0.70,No,N/A,N/A,N/A,N/A,Generated signal for DOTUSDT,2022-07-21 00:00:00,2025-10-09 08:09:29
2022-07-22,00:00:00,DOTUSDT,SELL,MODERATE,0.70,17.040000,14.484000,18.403200,1.87,1D,FALLBACK,0.70,No,N/A,N/A,N/A,N/A,Generated signal for DOTUSDT,2022-07-22 00:00:00,2025-10-09 08:09:29
2022-07-23,00:00:00,DOTUSDT,SELL,MODERATE,0.70,12.640000,10.744000,13.651200,1.87,1D,FALLBACK,0.70,No,N/A,N/A,N/A,N/A,Generated signal for DOTUSDT,2022-07-23 00:00:00,2025-10-09 08:09:29
2022-07-30,00:00:00,DOTUSDT,SELL,MODERATE,0.70,17.100000,14.535000,18.468000,1.87,1D,FALLBACK,0.70,No,N/A,N/A,N/A,N/A,Generated signal for DOTUSDT,2022-07-30 00:00:00,2025-10-09 08:09:29
2022-08-09,00:00:00,DOTUSDT,BUY,MODERATE,0.70,12.540000,14.421000,11.536800,1.87,1D,FALLBACK,0.70,No,N/A,N/A,N/A,N/A,Generated signal for DOTUSDT,2022-08-09 00:00:00,2025-10-09 08:09:29
2022-08-10,00:00:00,DOTUSDT,BUY,MODERATE,0.70,17.860000,20.539000,16.431200,1.88,1D,FALLBACK,0.70,No,N/A,N/A,N/A,N/A,Generated signal for DOTUSDT,2022-08-10 00:00:00,2025-10-09 08:09:29
2022-08-12,00:00:00,DOTUSDT,BUY,MODERATE,0.70,14.820000,17.043000,13.634400,1.88,1D,FALLBACK,0.70,No,N/A,N/A,N/A,N/A,Generated signal for DOTUSDT,2022-08-12 00:00:00,2025-10-09 08:09:29
2022-08-16,00:00:00,DOTUSDT,SELL,MODERATE,0.70,14.800000,12.580000,15.984000,1.87,1D,FALLBACK,0.70,No,N/A,N/A,N/A,N/A,Generated signal for DOTUSDT,2022-08-16 00:00:00,2025-10-09 08:09:29
2022-08-19,00:00:00,DOTUSDT,SELL,MODERATE,0.70,13.450000,11.432500,14.526000,1.87,1D,FALLBACK,0.70,No,N/A,N/A,N/A,N/A,Generated signal for DOTUSDT,2022-08-19 00:00:00,2025-10-09 08:09:29
2022-08-21,00:00:00,DOTUSDT,SELL,MODERATE,0.70,12.410000,10.548500,13.402800,1.87,1D,FALLBACK,0.70,No,N/A,N/A,N/A,N/A,Generated signal for DOTUSDT,2022-08-21 00:00:00,2025-10-09 08:09:29
2022-08-31,00:00:00,DOTUSDT,SELL,MODERATE,0.70,13.470000,11.449500,14.547600,1.87,1D,FALLBACK,0.70,No,N/A,N/A,N/A,N/A,Generated signal for DOTUSDT,2022-08-31 00:00:00,2025-10-09 08:09:29
2022-09-05,00:00:00,DOTUSDT,BUY,MODERATE,0.70,13.820000,15.893000,12.714400,1.88,1D,FALLBACK,0.70,No,N/A,N/A,N/A,N/A,Generated signal for DOTUSDT,2022-09-05 00:00:00,2025-10-09 08:09:29
2022-09-12,00:00:00,DOTUSDT,BUY,MODERATE,0.70,14.830000,17.054500,13.643600,1.87,1D,FALLBACK,0.70,No,N/A,N/A,N/A,N/A,Generated signal for DOTUSDT,2022-09-12 00:00:00,2025-10-09 08:09:29
2022-09-18,00:00:00,DOTUSDT,BUY,MODERATE,0.70,12.830000,14.754500,11.803600,1.88,1D,FALLBACK,0.70,No,N/A,N/A,N/A,N/A,Generated signal for DOTUSDT,2022-09-18 00:00:00,2025-10-09 08:09:29
2022-09-20,00:00:00,DOTUSDT,BUY,MODERATE,0.70,15.330000,17.629500,14.103600,1.88,1D,FALLBACK,0.70,No,N/A,N/A,N/A,N/A,Generated signal for DOTUSDT,2022-09-20 00:00:00,2025-10-09 08:09:29
2022-09-21,00:00:00,DOTUSDT,BUY,MODERATE,0.70,12.460000,14.329000,11.463200,1.87,1D,FALLBACK,0.70,No,N/A,N/A,N/A,N/A,Generated signal for DOTUSDT,2022-09-21 00:00:00,2025-10-09 08:09:29
2022-09-30,00:00:00,DOTUSDT,SELL,STRONG,0.80,14.970000,12.724500,16.167600,1.88,1D,FALLBACK,0.80,No,N/A,N/A,N/A,N/A,Generated signal for DOTUSDT,2022-09-30 00:00:00,2025-10-09 08:09:29
2022-10-01,00:00:00,DOTUSDT,SELL,MODERATE,0.70,14.580000,12.393000,15.746400,1.87,1D,FALLBACK,0.70,No,N/A,N/A,N/A,N/A,Generated signal for DOTUSDT,2022-10-01 00:00:00,2025-10-09 08:09:29
2022-10-05,00:00:00,DOTUSDT,SELL,MODERATE,0.70,13.290000,11.296500,14.353200,1.88,1D,FALLBACK,0.70,No,N/A,N/A,N/A,N/A,Generated signal for DOTUSDT,2022-10-05 00:00:00,2025-10-09 08:09:29
2022-10-07,00:00:00,DOTUSDT,SELL,MODERATE,0.70,17.110000,14.543500,18.478800,1.87,1D,FALLBACK,0.70,No,N/A,N/A,N/A,N/A,Generated signal for DOTUSDT,2022-10-07 00:00:00,2025-10-09 08:09:29
2022-10-09,00:00:00,DOTUSDT,SELL,MODERATE,0.70,15.440000,13.124000,16.675200,1.87,1D,FALLBACK,0.70,No,N/A,N/A,N/A,N/A,Generated signal for DOTUSDT,2022-10-09 00:00:00,2025-10-09 08:09:29
2022-10-10,00:00:00,DOTUSDT,SELL,MODERATE,0.70,13.090000,11.126500,14.137200,1.87,1D,FALLBACK,0.70,No,N/A,N/A,N/A,N/A,Generated signal for DOTUSDT,2022-10-10 00:00:00,2025-10-09 08:09:29
2022-10-16,00:00:00,DOTUSDT,SELL,MODERATE,0.70,12.180000,10.353000,13.154400,1.87,1D,FALLBACK,0.70,No,N/A,N/A,N/A,N/A,Generated signal for DOTUSDT,2022-10-16 00:00:00,2025-10-09 08:09:29
2022-11-02,00:00:00,DOTUSDT,BUY,MODERATE,0.70,16.350000,18.802500,15.042000,1.87,1D,FALLBACK,0.70,No,N/A,N/A,N/A,N/A,Generated signal for DOTUSDT,2022-11-02 00:00:00,2025-10-09 08:09:29
2022-11-06,00:00:00,DOTUSDT,BUY,MODERATE,0.70,13.170000,15.145500,12.116400,1.87,1D,FALLBACK,0.70,No,N/A,N/A,N/A,N/A,Generated signal for DOTUSDT,2022-11-06 00:00:00,2025-10-09 08:09:29
2022-11-10,00:00:00,DOTUSDT,BUY,MODERATE,0.70,12.300000,14.145000,11.316000,1.87,1D,FALLBACK,0.70,No,N/A,N/A,N/A,N/A,Generated signal for DOTUSDT,2022-11-10 00:00:00,2025-10-09 08:09:29
2022-11-11,00:00:00,DOTUSDT,BUY,MODERATE,0.70,13.110000,15.076500,12.061200,1.87,1D,FALLBACK,0.70,No,N/A,N/A,N/A,N/A,Generated signal for DOTUSDT,2022-11-11 00:00:00,2025-10-09 08:09:29
2022-11-12,00:00:00,DOTUSDT,BUY,MODERATE,0.70,12.130000,13.949500,11.159600,1.88,1D,FALLBACK,0.70,No,N/A,N/A,N/A,N/A,Generated signal for DOTUSDT,2022-11-12 00:00:00,2025-10-09 08:09:29
2022-11-13,00:00:00,DOTUSDT,BUY,MODERATE,0.70,14.230000,16.364500,13.091600,1.88,1D,FALLBACK,0.70,No,N/A,N/A,N/A,N/A,Generated signal for DOTUSDT,2022-11-13 00:00:00,2025-10-09 08:09:29
2022-11-14,00:00:00,DOTUSDT,BUY,MODERATE,0.70,14.000000,16.100000,12.880000,1.87,1D,FALLBACK,0.70,No,N/A,N/A,N/A,N/A,Generated signal for DOTUSDT,2022-11-14 00:00:00,2025-10-09 08:09:29
2022-11-17,00:00:00,DOTUSDT,BUY,MODERATE,0.70,13.010000,14.961500,11.969200,1.88,1D,FALLBACK,0.70,No,N/A,N/A,N/A,N/A,Generated signal for DOTUSDT,2022-11-17 00:00:00,2025-10-09 08:09:29
2022-11-18,00:00:00,DOTUSDT,BUY,MODERATE,0.70,16.000000,18.400000,14.720000,1.87,1D,FALLBACK,0.70,No,N/A,N/A,N/A,N/A,Generated signal for DOTUSDT,2022-11-18 00:00:00,2025-10-09 08:09:29
2022-11-21,00:00:00,DOTUSDT,BUY,MODERATE,0.70,17.000000,19.550000,15.640000,1.87,1D,FALLBACK,0.70,No,N/A,N/A,N/A,N/A,Generated signal for DOTUSDT,2022-11-21 00:00:00,2025-10-09 08:09:29
2022-12-08,00:00:00,DOTUSDT,BUY,STRONG,0.80,17.020000,19.573000,15.658400,1.87,1D,FALLBACK,0.80,No,N/A,N/A,N/A,N/A,Generated signal for DOTUSDT,2022-12-08 00:00:00,2025-10-09 08:09:29
2022-12-16,00:00:00,DOTUSDT,BUY,MODERATE,0.70,15.410000,17.721500,14.177200,1.88,1D,FALLBACK,0.70,No,N/A,N/A,N/A,N/A,Generated signal for DOTUSDT,2022-12-16 00:00:00,2025-10-09 08:09:29
2022-12-18,00:00:00,DOTUSDT,BUY,MODERATE,0.70,13.160000,15.134000,12.107200,1.87,1D,FALLBACK,0.70,No,N/A,N/A,N/A,N/A,Generated signal for DOTUSDT,2022-12-18 00:00:00,2025-10-09 08:09:29
2022-12-22,00:00:00,DOTUSDT,BUY,MODERATE,0.70,13.160000,15.134000,12.107200,1.87,1D,FALLBACK,0.70,No,N/A,N/A,N/A,N/A,Generated signal for DOTUSDT,2022-12-22 00:00:00,2025-10-09 08:09:29
2022-12-23,00:00:00,DOTUSDT,BUY,MODERATE,0.70,14.550000,16.732500,13.386000,1.87,1D,FALLBACK,0.70,No,N/A,N/A,N/A,N/A,Generated signal for DOTUSDT,2022-12-23 00:00:00,2025-10-09 08:09:29
2022-12-24,00:00:00,DOTUSDT,BUY,MODERATE,0.70,13.730000,15.789500,12.631600,1.87,1D,FALLBACK,0.70,No,N/A,N/A,N/A,N/A,Generated signal for DOTUSDT,2022-12-24 00:00:00,2025-10-09 08:09:29
2022-12-28,00:00:00,DOTUSDT,BUY,MODERATE,0.70,16.190000,18.618500,14.894800,1.88,1D,FALLBACK,0.70,No,N/A,N/A,N/A,N/A,Generated signal for DOTUSDT,2022-12-28 00:00:00,2025-10-09 08:09:29
2023-01-01,00:00:00,DOTUSDT,SELL,MODERATE,0.70,6.770000,5.754500,7.311600,1.87,1D,FALLBACK,0.70,No,N/A,N/A,N/A,N/A,Generated signal for DOTUSDT,2023-01-01 00:00:00,2025-10-09 08:09:29
2023-01-25,00:00:00,DOTUSDT,SELL,MODERATE,0.70,6.360000,5.406000,6.868800,1.87,1D,FALLBACK,0.70,No,N/A,N/A,N/A,N/A,Generated signal for DOTUSDT,2023-01-25 00:00:00,2025-10-09 08:09:29
2023-01-27,00:00:00,DOTUSDT,SELL,MODERATE,0.70,7.040000,5.984000,7.603200,1.87,1D,FALLBACK,0.70,No,N/A,N/A,N/A,N/A,Generated signal for DOTUSDT,2023-01-27 00:00:00,2025-10-09 08:09:29
2023-02-02,00:00:00,DOTUSDT,SELL,MODERATE,0.70,6.710000,5.703500,7.246800,1.87,1D,FALLBACK,0.70,No,N/A,N/A,N/A,N/A,Generated signal for DOTUSDT,2023-02-02 00:00:00,2025-10-09 08:09:29
2023-02-03,00:00:00,DOTUSDT,SELL,MODERATE,0.70,6.820000,5.797000,7.365600,1.88,1D,FALLBACK,0.70,No,N/A,N/A,N/A,N/A,Generated signal for DOTUSDT,2023-02-03 00:00:00,2025-10-09 08:09:29
2023-02-06,00:00:00,DOTUSDT,SELL,MODERATE,0.70,6.580000,5.593000,7.106400,1.87,1D,FALLBACK,0.70,No,N/A,N/A,N/A,N/A,Generated signal for DOTUSDT,2023-02-06 00:00:00,2025-10-09 08:09:29
2023-02-09,00:00:00,DOTUSDT,SELL,MODERATE,0.70,7.050000,5.992500,7.614000,1.88,1D,FALLBACK,0.70,No,N/A,N/A,N/A,N/A,Generated signal for DOTUSDT,2023-02-09 00:00:00,2025-10-09 08:09:29
2023-02-14,00:00:00,DOTUSDT,SELL,MODERATE,0.70,6.470000,5.499500,6.987600,1.87,1D,FALLBACK,0.70,No,N/A,N/A,N/A,N/A,Generated signal for DOTUSDT,2023-02-14 00:00:00,2025-10-09 08:09:29
2023-02-17,00:00:00,DOTUSDT,SELL,STRONG,0.80,6.980000,5.933000,7.538400,1.87,1D,FALLBACK,0.80,No,N/A,N/A,N/A,N/A,Generated signal for DOTUSDT,2023-02-17 00:00:00,2025-10-09 08:09:29
2023-02-22,00:00:00,DOTUSDT,BUY,MODERATE,0.70,5.400000,6.210000,4.968000,1.88,1D,FALLBACK,0.70,No,N/A,N/A,N/A,N/A,Generated signal for DOTUSDT,2023-02-22 00:00:00,2025-10-09 08:09:29
2023-03-01,00:00:00,DOTUSDT,SELL,MODERATE,0.70,7.130000,6.060500,7.700400,1.88,1D,FALLBACK,0.70,No,N/A,N/A,N/A,N/A,Generated signal for DOTUSDT,2023-03-01 00:00:00,2025-10-09 08:09:29
2023-03-14,00:00:00,DOTUSDT,SELL,MODERATE,0.70,6.890000,5.856500,7.441200,1.87,1D,FALLBACK,0.70,No,N/A,N/A,N/A,N/A,Generated signal for DOTUSDT,2023-03-14 00:00:00,2025-10-09 08:09:29
2023-03-15,00:00:00,DOTUSDT,SELL,MODERATE,0.70,5.230000,4.445500,5.648400,1.88,1D,FALLBACK,0.70,No,N/A,N/A,N/A,N/A,Generated signal for DOTUSDT,2023-03-15 00:00:00,2025-10-09 08:09:29
2023-03-17,00:00:00,DOTUSDT,SELL,MODERATE,0.70,5.860000,4.981000,6.328800,1.87,1D,FALLBACK,0.70,No,N/A,N/A,N/A,N/A,Generated signal for DOTUSDT,2023-03-17 00:00:00,2025-10-09 08:09:29
2023-03-20,00:00:00,DOTUSDT,BUY,MODERATE,0.70,6.750000,7.762500,6.210000,1.87,1D,FALLBACK,0.70,No,N/A,N/A,N/A,N/A,Generated signal for DOTUSDT,2023-03-20 00:00:00,2025-10-09 08:09:29
2023-03-25,00:00:00,DOTUSDT,BUY,MODERATE,0.70,6.430000,7.394500,5.915600,1.88,1D,FALLBACK,0.70,No,N/A,N/A,N/A,N/A,Generated signal for DOTUSDT,2023-03-25 00:00:00,2025-10-09 08:09:29
2023-03-31,00:00:00,DOTUSDT,SELL,MODERATE,0.70,7.050000,5.992500,7.614000,1.88,1D,FALLBACK,0.70,No,N/A,N/A,N/A,N/A,Generated signal for DOTUSDT,2023-03-31 00:00:00,2025-10-09 08:09:29
2023-04-04,00:00:00,DOTUSDT,BUY,MODERATE,0.70,5.940000,6.831000,5.464800,1.87,1D,FALLBACK,0.70,No,N/A,N/A,N/A,N/A,Generated signal for DOTUSDT,2023-04-04 00:00:00,2025-10-09 08:09:29
2023-04-08,00:00:00,DOTUSDT,BUY,MODERATE,0.70,6.890000,7.923500,6.338800,1.87,1D,FALLBACK,0.70,No,N/A,N/A,N/A,N/A,Generated signal for DOTUSDT,2023-04-08 00:00:00,2025-10-09 08:09:29
2023-04-11,00:00:00,DOTUSDT,BUY,MODERATE,0.70,5.680000,6.532000,5.225600,1.88,1D,FALLBACK,0.70,No,N/A,N/A,N/A,N/A,Generated signal for DOTUSDT,2023-04-11 00:00:00,2025-10-09 08:09:29
2023-04-16,00:00:00,DOTUSDT,BUY,MODERATE,0.70,4.830000,5.554500,4.443600,1.87,1D,FALLBACK,0.70,No,N/A,N/A,N/A,N/A,Generated signal for DOTUSDT,2023-04-16 00:00:00,2025-10-09 08:09:29
2023-04-18,00:00:00,DOTUSDT,BUY,MODERATE,0.70,6.370000,7.325500,5.860400,1.88,1D,FALLBACK,0.70,No,N/A,N/A,N/A,N/A,Generated signal for DOTUSDT,2023-04-18 00:00:00,2025-10-09 08:09:29
2023-04-21,00:00:00,DOTUSDT,BUY,STRONG,0.80,6.520000,7.498000,5.998400,1.88,1D,FALLBACK,0.80,No,N/A,N/A,N/A,N/A,Generated signal for DOTUSDT,2023-04-21 00:00:00,2025-10-09 08:09:29
2023-05-14,00:00:00,DOTUSDT,SELL,STRONG,0.80,5.140000,4.369000,5.551200,1.87,1D,FALLBACK,0.80,No,N/A,N/A,N/A,N/A,Generated signal for DOTUSDT,2023-05-14 00:00:00,2025-10-09 08:09:29
2023-05-17,00:00:00,DOTUSDT,SELL,MODERATE,0.70,5.920000,5.032000,6.393600,1.87,1D,FALLBACK,0.70,No,N/A,N/A,N/A,N/A,Generated signal for DOTUSDT,2023-05-17 00:00:00,2025-10-09 08:09:29
2023-05-20,00:00:00,DOTUSDT,SELL,MODERATE,0.70,5.530000,4.700500,5.972400,1.88,1D,FALLBACK,0.70,No,N/A,N/A,N/A,N/A,Generated signal for DOTUSDT,2023-05-20 00:00:00,2025-10-09 08:09:29
2023-05-24,00:00:00,DOTUSDT,SELL,MODERATE,0.70,6.260000,5.321000,6.760800,1.87,1D,FALLBACK,0.70,No,N/A,N/A,N/A,N/A,Generated signal for DOTUSDT,2023-05-24 00:00:00,2025-10-09 08:09:29
2023-06-01,00:00:00,DOTUSDT,BUY,MODERATE,0.70,6.340000,7.291000,5.832800,1.87,1D,FALLBACK,0.70,No,N/A,N/A,N/A,N/A,Generated signal for DOTUSDT,2023-06-01 00:00:00,2025-10-09 08:09:29
2023-06-05,00:00:00,DOTUSDT,BUY,MODERATE,0.70,5.740000,6.601000,5.280800,1.87,1D,FALLBACK,0.70,No,N/A,N/A,N/A,N/A,Generated signal for DOTUSDT,2023-06-05 00:00:00,2025-10-09 08:09:29
2023-06-07,00:00:00,DOTUSDT,BUY,MODERATE,0.70,4.860000,5.589000,4.471200,1.87,1D,FALLBACK,0.70,No,N/A,N/A,N/A,N/A,Generated signal for DOTUSDT,2023-06-07 00:00:00,2025-10-09 08:09:29
2023-06-11,00:00:00,DOTUSDT,BUY,MODERATE,0.70,6.200000,7.130000,5.704000,1.88,1D,FALLBACK,0.70,No,N/A,N/A,N/A,N/A,Generated signal for DOTUSDT,2023-06-11 00:00:00,2025-10-09 08:09:29
2023-06-16,00:00:00,DOTUSDT,SELL,MODERATE,0.70,5.490000,4.666500,5.929200,1.87,1D,FALLBACK,0.70,No,N/A,N/A,N/A,N/A,Generated signal for DOTUSDT,2023-06-16 00:00:00,2025-10-09 08:09:29
2023-06-17,00:00:00,DOTUSDT,SELL,MODERATE,0.70,5.830000,4.955500,6.296400,1.88,1D,FALLBACK,0.70,No,N/A,N/A,N/A,N/A,Generated signal for DOTUSDT,2023-06-17 00:00:00,2025-10-09 08:09:29
2023-06-19,00:00:00,DOTUSDT,SELL,MODERATE,0.70,6.050000,5.142500,6.534000,1.87,1D,FALLBACK,0.70,No,N/A,N/A,N/A,N/A,Generated signal for DOTUSDT,2023-06-19 00:00:00,2025-10-09 08:09:29
2023-06-21,00:00:00,DOTUSDT,SELL,MODERATE,0.70,5.880000,4.998000,6.350400,1.87,1D,FALLBACK,0.70,No,N/A,N/A,N/A,N/A,Generated signal for DOTUSDT,2023-06-21 00:00:00,2025-10-09 08:09:29
2023-07-05,00:00:00,DOTUSDT,BUY,MODERATE,0.70,7.180000,8.257000,6.605600,1.88,1D,FALLBACK,0.70,No,N/A,N/A,N/A,N/A,Generated signal for DOTUSDT,2023-07-05 00:00:00,2025-10-09 08:09:29
2023-07-10,00:00:00,DOTUSDT,BUY,MODERATE,0.70,6.780000,7.797000,6.237600,1.87,1D,FALLBACK,0.70,No,N/A,N/A,N/A,N/A,Generated signal for DOTUSDT,2023-07-10 00:00:00,2025-10-09 08:09:29
2023-07-12,00:00:00,DOTUSDT,BUY,MODERATE,0.70,7.050000,8.107500,6.486000,1.88,1D,FALLBACK,0.70,No,N/A,N/A,N/A,N/A,Generated signal for DOTUSDT,2023-07-12 00:00:00,2025-10-09 08:09:29
2023-07-15,00:00:00,DOTUSDT,BUY,MODERATE,0.70,5.160000,5.934000,4.747200,1.87,1D,FALLBACK,0.70,No,N/A,N/A,N/A,N/A,Generated signal for DOTUSDT,2023-07-15 00:00:00,2025-10-09 08:09:29
2023-07-16,00:00:00,DOTUSDT,BUY,MODERATE,0.70,5.380000,6.187000,4.949600,1.88,1D,FALLBACK,0.70,No,N/A,N/A,N/A,N/A,Generated signal for DOTUSDT,2023-07-16 00:00:00,2025-10-09 08:09:29
2023-07-19,00:00:00,DOTUSDT,BUY,MODERATE,0.70,6.830000,7.854500,6.283600,1.88,1D,FALLBACK,0.70,No,N/A,N/A,N/A,N/A,Generated signal for DOTUSDT,2023-07-19 00:00:00,2025-10-09 08:09:29
2023-07-28,00:00:00,DOTUSDT,SELL,MODERATE,0.70,6.800000,5.780000,7.344000,1.87,1D,FALLBACK,0.70,No,N/A,N/A,N/A,N/A,Generated signal for DOTUSDT,2023-07-28 00:00:00,2025-10-09 08:09:29
2023-08-03,00:00:00,DOTUSDT,BUY,MODERATE,0.70,5.120000,5.888000,4.710400,1.87,1D,FALLBACK,0.70,No,N/A,N/A,N/A,N/A,Generated signal for DOTUSDT,2023-08-03 00:00:00,2025-10-09 08:09:29
2023-08-04,00:00:00,DOTUSDT,BUY,STRONG,0.80,6.630000,7.624500,6.099600,1.88,1D,FALLBACK,0.80,No,N/A,N/A,N/A,N/A,Generated signal for DOTUSDT,2023-08-04 00:00:00,2025-10-09 08:09:29
2023-08-11,00:00:00,DOTUSDT,BUY,MODERATE,0.70,5.100000,5.865000,4.692000,1.88,1D,FALLBACK,0.70,No,N/A,N/A,N/A,N/A,Generated signal for DOTUSDT,2023-08-11 00:00:00,2025-10-09 08:09:29
2023-08-12,00:00:00,DOTUSDT,BUY,MODERATE,0.70,6.630000,7.624500,6.099600,1.88,1D,FALLBACK,0.70,No,N/A,N/A,N/A,N/A,Generated signal for DOTUSDT,2023-08-12 00:00:00,2025-10-09 08:09:29
2023-08-13,00:00:00,DOTUSDT,BUY,MODERATE,0.70,5.750000,6.612500,5.290000,1.87,1D,FALLBACK,0.70,No,N/A,N/A,N/A,N/A,Generated signal for DOTUSDT,2023-08-13 00:00:00,2025-10-09 08:09:29
2023-08-20,00:00:00,DOTUSDT,SELL,MODERATE,0.70,5.350000,4.547500,5.778000,1.88,1D,FALLBACK,0.70,No,N/A,N/A,N/A,N/A,Generated signal for DOTUSDT,2023-08-20 00:00:00,2025-10-09 08:09:29
2023-08-22,00:00:00,DOTUSDT,SELL,MODERATE,0.70,4.900000,4.165000,5.292000,1.87,1D,FALLBACK,0.70,No,N/A,N/A,N/A,N/A,Generated signal for DOTUSDT,2023-08-22 00:00:00,2025-10-09 08:09:29
2023-08-25,00:00:00,DOTUSDT,SELL,MODERATE,0.70,5.240000,4.454000,5.659200,1.88,1D,FALLBACK,0.70,No,N/A,N/A,N/A,N/A,Generated signal for DOTUSDT,2023-08-25 00:00:00,2025-10-09 08:09:29
2023-09-01,00:00:00,DOTUSDT,SELL,MODERATE,0.70,6.480000,5.508000,6.998400,1.87,1D,FALLBACK,0.70,No,N/A,N/A,N/A,N/A,Generated signal for DOTUSDT,2023-09-01 00:00:00,2025-10-09 08:09:29
2023-09-08,00:00:00,DOTUSDT,SELL,MODERATE,0.70,5.910000,5.023500,6.382800,1.87,1D,FALLBACK,0.70,No,N/A,N/A,N/A,N/A,Generated signal for DOTUSDT,2023-09-08 00:00:00,2025-10-09 08:09:29
2023-09-10,00:00:00,DOTUSDT,SELL,MODERATE,0.70,5.150000,4.377500,5.562000,1.87,1D,FALLBACK,0.70,No,N/A,N/A,N/A,N/A,Generated signal for DOTUSDT,2023-09-10 00:00:00,2025-10-09 08:09:29
2023-09-16,00:00:00,DOTUSDT,BUY,MODERATE,0.70,5.050000,5.807500,4.646000,1.87,1D,FALLBACK,0.70,No,N/A,N/A,N/A,N/A,Generated signal for DOTUSDT,2023-09-16 00:00:00,2025-10-09 08:09:29
2023-09-17,00:00:00,DOTUSDT,BUY,MODERATE,0.70,6.040000,6.946000,5.556800,1.87,1D,FALLBACK,0.70,No,N/A,N/A,N/A,N/A,Generated signal for DOTUSDT,2023-09-17 00:00:00,2025-10-09 08:09:29
2023-09-19,00:00:00,DOTUSDT,BUY,MODERATE,0.70,6.870000,7.900500,6.320400,1.87,1D,FALLBACK,0.70,No,N/A,N/A,N/A,N/A,Generated signal for DOTUSDT,2023-09-19 00:00:00,2025-10-09 08:09:29
2023-09-23,00:00:00,DOTUSDT,BUY,MODERATE,0.70,6.420000,7.383000,5.906400,1.88,1D,FALLBACK,0.70,No,N/A,N/A,N/A,N/A,Generated signal for DOTUSDT,2023-09-23 00:00:00,2025-10-09 08:09:29
2023-09-28,00:00:00,DOTUSDT,BUY,MODERATE,0.70,6.420000,7.383000,5.906400,1.88,1D,FALLBACK,0.70,No,N/A,N/A,N/A,N/A,Generated signal for DOTUSDT,2023-09-28 00:00:00,2025-10-09 08:09:29
2023-10-07,00:00:00,DOTUSDT,BUY,MODERATE,0.70,6.360000,7.314000,5.851200,1.87,1D,FALLBACK,0.70,No,N/A,N/A,N/A,N/A,Generated signal for DOTUSDT,2023-10-07 00:00:00,2025-10-09 08:09:29
2023-10-08,00:00:00,DOTUSDT,BUY,MODERATE,0.70,6.820000,7.843000,6.274400,1.88,1D,FALLBACK,0.70,No,N/A,N/A,N/A,N/A,Generated signal for DOTUSDT,2023-10-08 00:00:00,2025-10-09 08:09:29
2023-10-10,00:00:00,DOTUSDT,BUY,MODERATE,0.70,5.100000,5.865000,4.692000,1.88,1D,FALLBACK,0.70,No,N/A,N/A,N/A,N/A,Generated signal for DOTUSDT,2023-10-10 00:00:00,2025-10-09 08:09:29
2023-10-12,00:00:00,DOTUSDT,BUY,MODERATE,0.70,7.120000,8.188000,6.550400,1.87,1D,FALLBACK,0.70,No,N/A,N/A,N/A,N/A,Generated signal for DOTUSDT,2023-10-12 00:00:00,2025-10-09 08:09:29
2023-10-20,00:00:00,DOTUSDT,BUY,MODERATE,0.70,5.110000,5.876500,4.701200,1.88,1D,FALLBACK,0.70,No,N/A,N/A,N/A,N/A,Generated signal for DOTUSDT,2023-10-20 00:00:00,2025-10-09 08:09:29
2023-10-21,00:00:00,DOTUSDT,BUY,MODERATE,0.70,5.530000,6.359500,5.087600,1.87,1D,FALLBACK,0.70,No,N/A,N/A,N/A,N/A,Generated signal for DOTUSDT,2023-10-21 00:00:00,2025-10-09 08:09:29
2023-10-22,00:00:00,DOTUSDT,BUY,MODERATE,0.70,5.050000,5.807500,4.646000,1.87,1D,FALLBACK,0.70,No,N/A,N/A,N/A,N/A,Generated signal for DOTUSDT,2023-10-22 00:00:00,2025-10-09 08:09:29
2023-10-28,00:00:00,DOTUSDT,SELL,MODERATE,0.70,5.230000,4.445500,5.648400,1.88,1D,FALLBACK,0.70,No,N/A,N/A,N/A,N/A,Generated signal for DOTUSDT,2023-10-28 00:00:00,2025-10-09 08:09:29
2023-10-30,00:00:00,DOTUSDT,SELL,MODERATE,0.70,6.720000,5.712000,7.257600,1.87,1D,FALLBACK,0.70,No,N/A,N/A,N/A,N/A,Generated signal for DOTUSDT,2023-10-30 00:00:00,2025-10-09 08:09:29
2023-11-06,00:00:00,DOTUSDT,SELL,MODERATE,0.70,6.370000,5.414500,6.879600,1.87,1D,FALLBACK,0.70,No,N/A,N/A,N/A,N/A,Generated signal for DOTUSDT,2023-11-06 00:00:00,2025-10-09 08:09:29
2023-11-09,00:00:00,DOTUSDT,SELL,MODERATE,0.70,7.080000,6.018000,7.646400,1.87,1D,FALLBACK,0.70,No,N/A,N/A,N/A,N/A,Generated signal for DOTUSDT,2023-11-09 00:00:00,2025-10-09 08:09:29
2023-11-10,00:00:00,DOTUSDT,SELL,MODERATE,0.70,6.660000,5.661000,7.192800,1.87,1D,FALLBACK,0.70,No,N/A,N/A,N/A,N/A,Generated signal for DOTUSDT,2023-11-10 00:00:00,2025-10-09 08:09:29
2023-11-11,00:00:00,DOTUSDT,SELL,MODERATE,0.70,5.070000,4.309500,5.475600,1.87,1D,FALLBACK,0.70,No,N/A,N/A,N/A,N/A,Generated signal for DOTUSDT,2023-11-11 00:00:00,2025-10-09 08:09:29
2023-11-19,00:00:00,DOTUSDT,SELL,MODERATE,0.70,4.850000,4.122500,5.238000,1.88,1D,FALLBACK,0.70,No,N/A,N/A,N/A,N/A,Generated signal for DOTUSDT,2023-11-19 00:00:00,2025-10-09 08:09:29
2023-11-21,00:00:00,DOTUSDT,SELL,MODERATE,0.70,6.920000,5.882000,7.473600,1.87,1D,FALLBACK,0.70,No,N/A,N/A,N/A,N/A,Generated signal for DOTUSDT,2023-11-21 00:00:00,2025-10-09 08:09:29
2023-11-27,00:00:00,DOTUSDT,SELL,MODERATE,0.70,4.840000,4.114000,5.227200,1.88,1D,FALLBACK,0.70,No,N/A,N/A,N/A,N/A,Generated signal for DOTUSDT,2023-11-27 00:00:00,2025-10-09 08:09:29
2023-12-01,00:00:00,DOTUSDT,SELL,MODERATE,0.70,6.870000,5.839500,7.419600,1.87,1D,FALLBACK,0.70,No,N/A,N/A,N/A,N/A,Generated signal for DOTUSDT,2023-12-01 00:00:00,2025-10-09 08:09:29
2023-12-04,00:00:00,DOTUSDT,SELL,MODERATE,0.70,5.970000,5.074500,6.447600,1.87,1D,FALLBACK,0.70,No,N/A,N/A,N/A,N/A,Generated signal for DOTUSDT,2023-12-04 00:00:00,2025-10-09 08:09:29
2023-12-05,00:00:00,DOTUSDT,SELL,MODERATE,0.70,5.250000,4.462500,5.670000,1.88,1D,FALLBACK,0.70,No,N/A,N/A,N/A,N/A,Generated signal for DOTUSDT,2023-12-05 00:00:00,2025-10-09 08:09:29
2023-12-14,00:00:00,DOTUSDT,BUY,MODERATE,0.70,5.230000,6.014500,4.811600,1.87,1D,FALLBACK,0.70,No,N/A,N/A,N/A,N/A,Generated signal for DOTUSDT,2023-12-14 00:00:00,2025-10-09 08:09:29
2023-12-15,00:00:00,DOTUSDT,BUY,STRONG,0.80,6.850000,7.877500,6.302000,1.87,1D,FALLBACK,0.80,No,N/A,N/A,N/A,N/A,Generated signal for DOTUSDT,2023-12-15 00:00:00,2025-10-09 08:09:29
2023-12-23,00:00:00,DOTUSDT,BUY,MODERATE,0.70,5.920000,6.808000,5.446400,1.88,1D,FALLBACK,0.70,No,N/A,N/A,N/A,N/A,Generated signal for DOTUSDT,2023-12-23 00:00:00,2025-10-09 08:09:29
2023-12-30,00:00:00,DOTUSDT,SELL,MODERATE,0.70,7.120000,6.052000,7.689600,1.87,1D,FALLBACK,0.70,No,N/A,N/A,N/A,N/A,Generated signal for DOTUSDT,2023-12-30 00:00:00,2025-10-09 08:09:29
