Date,Time,Symbol,Signal Type,Strength,Confidence Score,Entry Price,Target Price,Stop Loss,Risk/Reward Ratio,Timeframe,Entry Point Type,Quality Score,Is Executed,Execution Price,Is Profitable,Profit/Loss,Performance %,Notes,Created At,Updated At
2021-03-01,00:00:00,ETHUSDT,BUY,MODERATE,0.70,2956.850000,3400.377500,2720.302000,1.88,1D,FALLBACK,0.70,No,N/A,N/A,N/A,N/A,Generated signal for ETHUSDT,2021-03-01 00:00:00,2025-10-09 08:13:28
2021-03-10,00:00:00,ETHUSDT,BUY,MODERATE,0.70,2482.070000,2854.380500,2283.504400,1.87,1D,FALLBACK,0.70,No,N/A,N/A,N/A,N/A,Generated signal for ETHUSDT,2021-03-10 00:00:00,2025-10-09 08:13:28
2021-03-19,00:00:00,ETHUSDT,SELL,MODERATE,0.70,2871.740000,2440.979000,3101.479200,1.88,1D,FALLBACK,0.70,No,N/A,N/A,N/A,N/A,Generated signal for ETHUSDT,2021-03-19 00:00:00,2025-10-09 08:13:28
2021-03-20,00:00:00,ETHUSDT,SELL,MODERATE,0.70,2333.050000,1983.092500,2519.694000,1.87,1D,FALLBACK,0.70,No,N/A,N/A,N/A,N/A,Generated signal for ETHUSDT,2021-03-20 00:00:00,2025-10-09 08:13:28
2021-03-30,00:00:00,ETHUSDT,BUY,MODERATE,0.70,2902.560000,3337.944000,2670.355200,1.87,1D,FALLBACK,0.70,No,N/A,N/A,N/A,N/A,Generated signal for ETHUSDT,2021-03-30 00:00:00,2025-10-09 08:13:28
2021-04-06,00:00:00,ETHUSDT,BUY,MODERATE,0.70,2915.990000,3353.388500,2682.710800,1.87,1D,FALLBACK,0.70,No,N/A,N/A,N/A,N/A,Generated signal for ETHUSDT,2021-04-06 00:00:00,2025-10-09 08:13:28
2021-04-08,00:00:00,ETHUSDT,BUY,MODERATE,0.70,2148.490000,2470.763500,1976.610800,1.88,1D,FALLBACK,0.70,No,N/A,N/A,N/A,N/A,Generated signal for ETHUSDT,2021-04-08 00:00:00,2025-10-09 08:13:28
2021-04-11,00:00:00,ETHUSDT,BUY,MODERATE,0.70,2653.540000,3051.571000,2441.256800,1.88,1D,FALLBACK,0.70,No,N/A,N/A,N/A,N/A,Generated signal for ETHUSDT,2021-04-11 00:00:00,2025-10-09 08:13:28
2021-04-12,00:00:00,ETHUSDT,BUY,MODERATE,0.70,2459.610000,2828.551500,2262.841200,1.88,1D,FALLBACK,0.70,No,N/A,N/A,N/A,N/A,Generated signal for ETHUSDT,2021-04-12 00:00:00,2025-10-09 08:13:28
2021-04-17,00:00:00,ETHUSDT,BUY,MODERATE,0.70,2167.930000,2493.119500,1994.495600,1.88,1D,FALLBACK,0.70,No,N/A,N/A,N/A,N/A,Generated signal for ETHUSDT,2021-04-17 00:00:00,2025-10-09 08:13:28
2021-04-21,00:00:00,ETHUSDT,SELL,MODERATE,0.70,2114.490000,1797.316500,2283.649200,1.88,1D,FALLBACK,0.70,No,N/A,N/A,N/A,N/A,Generated signal for ETHUSDT,2021-04-21 00:00:00,2025-10-09 08:13:28
2021-04-23,00:00:00,ETHUSDT,SELL,MODERATE,0.70,2114.840000,1797.614000,2284.027200,1.87,1D,FALLBACK,0.70,No,N/A,N/A,N/A,N/A,Generated signal for ETHUSDT,2021-04-23 00:00:00,2025-10-09 08:13:28
2021-04-26,00:00:00,ETHUSDT,SELL,MODERATE,0.70,2845.480000,2418.658000,3073.118400,1.87,1D,FALLBACK,0.70,No,N/A,N/A,N/A,N/A,Generated signal for ETHUSDT,2021-04-26 00:00:00,2025-10-09 08:13:28
2021-04-27,00:00:00,ETHUSDT,SELL,MODERATE,0.70,2268.410000,1928.148500,2449.882800,1.88,1D,FALLBACK,0.70,No,N/A,N/A,N/A,N/A,Generated signal for ETHUSDT,2021-04-27 00:00:00,2025-10-09 08:13:28
2021-05-07,00:00:00,ETHUSDT,SELL,STRONG,0.80,2291.520000,1947.792000,2474.841600,1.87,1D,FALLBACK,0.80,No,N/A,N/A,N/A,N/A,Generated signal for ETHUSDT,2021-05-07 00:00:00,2025-10-09 08:13:28
2021-05-09,00:00:00,ETHUSDT,SELL,MODERATE,0.70,2479.540000,2107.609000,2677.903200,1.87,1D,FALLBACK,0.70,No,N/A,N/A,N/A,N/A,Generated signal for ETHUSDT,2021-05-09 00:00:00,2025-10-09 08:13:28
2021-05-11,00:00:00,ETHUSDT,SELL,MODERATE,0.70,2731.410000,2321.698500,2949.922800,1.87,1D,FALLBACK,0.70,No,N/A,N/A,N/A,N/A,Generated signal for ETHUSDT,2021-05-11 00:00:00,2025-10-09 08:13:28
2021-05-12,00:00:00,ETHUSDT,SELL,MODERATE,0.70,2207.780000,1876.613000,2384.402400,1.87,1D,FALLBACK,0.70,No,N/A,N/A,N/A,N/A,Generated signal for ETHUSDT,2021-05-12 00:00:00,2025-10-09 08:13:28
2021-05-17,00:00:00,ETHUSDT,SELL,MODERATE,0.70,2982.340000,2534.989000,3220.927200,1.87,1D,FALLBACK,0.70,No,N/A,N/A,N/A,N/A,Generated signal for ETHUSDT,2021-05-17 00:00:00,2025-10-09 08:13:28
2021-05-19,00:00:00,ETHUSDT,SELL,MODERATE,0.70,2940.280000,2499.238000,3175.502400,1.87,1D,FALLBACK,0.70,No,N/A,N/A,N/A,N/A,Generated signal for ETHUSDT,2021-05-19 00:00:00,2025-10-09 08:13:28
2021-05-27,00:00:00,ETHUSDT,BUY,MODERATE,0.70,2447.650000,2814.797500,2251.838000,1.87,1D,FALLBACK,0.70,No,N/A,N/A,N/A,N/A,Generated signal for ETHUSDT,2021-05-27 00:00:00,2025-10-09 08:13:28
2021-06-03,00:00:00,ETHUSDT,BUY,MODERATE,0.70,2175.580000,2501.917000,2001.533600,1.88,1D,FALLBACK,0.70,No,N/A,N/A,N/A,N/A,Generated signal for ETHUSDT,2021-06-03 00:00:00,2025-10-09 08:13:28
2021-06-04,00:00:00,ETHUSDT,BUY,MODERATE,0.70,2170.860000,2496.489000,1997.191200,1.88,1D,FALLBACK,0.70,No,N/A,N/A,N/A,N/A,Generated signal for ETHUSDT,2021-06-04 00:00:00,2025-10-09 08:13:28
2021-06-22,00:00:00,ETHUSDT,SELL,MODERATE,0.70,2622.830000,2229.405500,2832.656400,1.87,1D,FALLBACK,0.70,No,N/A,N/A,N/A,N/A,Generated signal for ETHUSDT,2021-06-22 00:00:00,2025-10-09 08:13:28
2021-06-25,00:00:00,ETHUSDT,BUY,MODERATE,0.70,2905.620000,3341.463000,2673.170400,1.88,1D,FALLBACK,0.70,No,N/A,N/A,N/A,N/A,Generated signal for ETHUSDT,2021-06-25 00:00:00,2025-10-09 08:13:28
2021-06-27,00:00:00,ETHUSDT,BUY,MODERATE,0.70,2417.310000,2779.906500,2223.925200,1.88,1D,FALLBACK,0.70,No,N/A,N/A,N/A,N/A,Generated signal for ETHUSDT,2021-06-27 00:00:00,2025-10-09 08:13:28
2021-07-01,00:00:00,ETHUSDT,BUY,MODERATE,0.70,2767.190000,3182.268500,2545.814800,1.87,1D,FALLBACK,0.70,No,N/A,N/A,N/A,N/A,Generated signal for ETHUSDT,2021-07-01 00:00:00,2025-10-09 08:13:28
2021-07-05,00:00:00,ETHUSDT,BUY,MODERATE,0.70,2317.400000,2665.010000,2132.008000,1.88,1D,FALLBACK,0.70,No,N/A,N/A,N/A,N/A,Generated signal for ETHUSDT,2021-07-05 00:00:00,2025-10-09 08:13:28
2021-07-08,00:00:00,ETHUSDT,BUY,MODERATE,0.70,2068.070000,2378.280500,1902.624400,1.87,1D,FALLBACK,0.70,No,N/A,N/A,N/A,N/A,Generated signal for ETHUSDT,2021-07-08 00:00:00,2025-10-09 08:13:28
2021-07-16,00:00:00,ETHUSDT,BUY,MODERATE,0.70,2220.420000,2553.483000,2042.786400,1.87,1D,FALLBACK,0.70,No,N/A,N/A,N/A,N/A,Generated signal for ETHUSDT,2021-07-16 00:00:00,2025-10-09 08:13:28
2021-07-17,00:00:00,ETHUSDT,BUY,MODERATE,0.70,2892.030000,3325.834500,2660.667600,1.87,1D,FALLBACK,0.70,No,N/A,N/A,N/A,N/A,Generated signal for ETHUSDT,2021-07-17 00:00:00,2025-10-09 08:13:28
2021-07-22,00:00:00,ETHUSDT,SELL,STRONG,0.80,2315.040000,1967.784000,2500.243200,1.87,1D,FALLBACK,0.80,No,N/A,N/A,N/A,N/A,Generated signal for ETHUSDT,2021-07-22 00:00:00,2025-10-09 08:13:28
2021-07-24,00:00:00,ETHUSDT,SELL,MODERATE,0.70,2694.820000,2290.597000,2910.405600,1.87,1D,FALLBACK,0.70,No,N/A,N/A,N/A,N/A,Generated signal for ETHUSDT,2021-07-24 00:00:00,2025-10-09 08:13:28
2021-07-30,00:00:00,ETHUSDT,SELL,MODERATE,0.70,2662.570000,2263.184500,2875.575600,1.87,1D,FALLBACK,0.70,No,N/A,N/A,N/A,N/A,Generated signal for ETHUSDT,2021-07-30 00:00:00,2025-10-09 08:13:28
2021-08-04,00:00:00,ETHUSDT,SELL,MODERATE,0.70,2918.390000,2480.631500,3151.861200,1.87,1D,FALLBACK,0.70,No,N/A,N/A,N/A,N/A,Generated signal for ETHUSDT,2021-08-04 00:00:00,2025-10-09 08:13:28
2021-08-06,00:00:00,ETHUSDT,SELL,MODERATE,0.70,2253.460000,1915.441000,2433.736800,1.87,1D,FALLBACK,0.70,No,N/A,N/A,N/A,N/A,Generated signal for ETHUSDT,2021-08-06 00:00:00,2025-10-09 08:13:28
2021-08-08,00:00:00,ETHUSDT,SELL,MODERATE,0.70,2405.500000,2044.675000,2597.940000,1.87,1D,FALLBACK,0.70,No,N/A,N/A,N/A,N/A,Generated signal for ETHUSDT,2021-08-08 00:00:00,2025-10-09 08:13:28
2021-08-09,00:00:00,ETHUSDT,SELL,STRONG,0.80,2298.520000,1953.742000,2482.401600,1.87,1D,FALLBACK,0.80,No,N/A,N/A,N/A,N/A,Generated signal for ETHUSDT,2021-08-09 00:00:00,2025-10-09 08:13:28
2021-08-11,00:00:00,ETHUSDT,SELL,MODERATE,0.70,2737.310000,2326.713500,2956.294800,1.87,1D,FALLBACK,0.70,No,N/A,N/A,N/A,N/A,Generated signal for ETHUSDT,2021-08-11 00:00:00,2025-10-09 08:13:28
2021-08-13,00:00:00,ETHUSDT,SELL,MODERATE,0.70,2845.230000,2418.445500,3072.848400,1.87,1D,FALLBACK,0.70,No,N/A,N/A,N/A,N/A,Generated signal for ETHUSDT,2021-08-13 00:00:00,2025-10-09 08:13:28
2021-08-14,00:00:00,ETHUSDT,SELL,MODERATE,0.70,2138.470000,1817.699500,2309.547600,1.87,1D,FALLBACK,0.70,No,N/A,N/A,N/A,N/A,Generated signal for ETHUSDT,2021-08-14 00:00:00,2025-10-09 08:13:28
2021-08-25,00:00:00,ETHUSDT,BUY,MODERATE,0.70,2718.830000,3126.654500,2501.323600,1.88,1D,FALLBACK,0.70,No,N/A,N/A,N/A,N/A,Generated signal for ETHUSDT,2021-08-25 00:00:00,2025-10-09 08:13:28
2021-08-26,00:00:00,ETHUSDT,BUY,MODERATE,0.70,2801.570000,3221.805500,2577.444400,1.88,1D,FALLBACK,0.70,No,N/A,N/A,N/A,N/A,Generated signal for ETHUSDT,2021-08-26 00:00:00,2025-10-09 08:13:28
2021-08-27,00:00:00,ETHUSDT,BUY,MODERATE,0.70,2244.130000,2580.749500,2064.599600,1.87,1D,FALLBACK,0.70,No,N/A,N/A,N/A,N/A,Generated signal for ETHUSDT,2021-08-27 00:00:00,2025-10-09 08:13:28
2021-08-31,00:00:00,ETHUSDT,BUY,MODERATE,0.70,2016.490000,2318.963500,1855.170800,1.88,1D,FALLBACK,0.70,No,N/A,N/A,N/A,N/A,Generated signal for ETHUSDT,2021-08-31 00:00:00,2025-10-09 08:13:28
2021-09-02,00:00:00,ETHUSDT,BUY,MODERATE,0.70,2433.490000,2798.513500,2238.810800,1.87,1D,FALLBACK,0.70,No,N/A,N/A,N/A,N/A,Generated signal for ETHUSDT,2021-09-02 00:00:00,2025-10-09 08:13:28
2021-09-06,00:00:00,ETHUSDT,SELL,MODERATE,0.70,2560.850000,2176.722500,2765.718000,1.87,1D,FALLBACK,0.70,No,N/A,N/A,N/A,N/A,Generated signal for ETHUSDT,2021-09-06 00:00:00,2025-10-09 08:13:28
2021-09-09,00:00:00,ETHUSDT,SELL,MODERATE,0.70,2162.670000,1838.269500,2335.683600,1.87,1D,FALLBACK,0.70,No,N/A,N/A,N/A,N/A,Generated signal for ETHUSDT,2021-09-09 00:00:00,2025-10-09 08:13:28
2021-09-10,00:00:00,ETHUSDT,SELL,MODERATE,0.70,2305.360000,1959.556000,2489.788800,1.87,1D,FALLBACK,0.70,No,N/A,N/A,N/A,N/A,Generated signal for ETHUSDT,2021-09-10 00:00:00,2025-10-09 08:13:28
2021-09-13,00:00:00,ETHUSDT,SELL,MODERATE,0.70,2392.870000,2033.939500,2584.299600,1.88,1D,FALLBACK,0.70,No,N/A,N/A,N/A,N/A,Generated signal for ETHUSDT,2021-09-13 00:00:00,2025-10-09 08:13:28
2021-09-16,00:00:00,ETHUSDT,SELL,MODERATE,0.70,2492.870000,2118.939500,2692.299600,1.87,1D,FALLBACK,0.70,No,N/A,N/A,N/A,N/A,Generated signal for ETHUSDT,2021-09-16 00:00:00,2025-10-09 08:13:28
2021-09-20,00:00:00,ETHUSDT,SELL,MODERATE,0.70,2100.390000,1785.331500,2268.421200,1.87,1D,FALLBACK,0.70,No,N/A,N/A,N/A,N/A,Generated signal for ETHUSDT,2021-09-20 00:00:00,2025-10-09 08:13:28
2021-09-23,00:00:00,ETHUSDT,SELL,MODERATE,0.70,2503.770000,2128.204500,2704.071600,1.87,1D,FALLBACK,0.70,No,N/A,N/A,N/A,N/A,Generated signal for ETHUSDT,2021-09-23 00:00:00,2025-10-09 08:13:28
2021-09-28,00:00:00,ETHUSDT,SELL,MODERATE,0.70,2213.050000,1881.092500,2390.094000,1.87,1D,FALLBACK,0.70,No,N/A,N/A,N/A,N/A,Generated signal for ETHUSDT,2021-09-28 00:00:00,2025-10-09 08:13:28
2021-10-05,00:00:00,ETHUSDT,BUY,MODERATE,0.70,2378.340000,2735.091000,2188.072800,1.88,1D,FALLBACK,0.70,No,N/A,N/A,N/A,N/A,Generated signal for ETHUSDT,2021-10-05 00:00:00,2025-10-09 08:13:28
2021-10-06,00:00:00,ETHUSDT,BUY,MODERATE,0.70,2941.350000,3382.552500,2706.042000,1.87,1D,FALLBACK,0.70,No,N/A,N/A,N/A,N/A,Generated signal for ETHUSDT,2021-10-06 00:00:00,2025-10-09 08:13:28
2021-10-13,00:00:00,ETHUSDT,BUY,MODERATE,0.70,2763.780000,3178.347000,2542.677600,1.88,1D,FALLBACK,0.70,No,N/A,N/A,N/A,N/A,Generated signal for ETHUSDT,2021-10-13 00:00:00,2025-10-09 08:13:28
2021-10-14,00:00:00,ETHUSDT,BUY,MODERATE,0.70,2429.750000,2794.212500,2235.370000,1.87,1D,FALLBACK,0.70,No,N/A,N/A,N/A,N/A,Generated signal for ETHUSDT,2021-10-14 00:00:00,2025-10-09 08:13:28
2021-10-18,00:00:00,ETHUSDT,BUY,MODERATE,0.70,2192.260000,2521.099000,2016.879200,1.88,1D,FALLBACK,0.70,No,N/A,N/A,N/A,N/A,Generated signal for ETHUSDT,2021-10-18 00:00:00,2025-10-09 08:13:28
2021-10-24,00:00:00,ETHUSDT,BUY,MODERATE,0.70,2758.370000,3172.125500,2537.700400,1.88,1D,FALLBACK,0.70,No,N/A,N/A,N/A,N/A,Generated signal for ETHUSDT,2021-10-24 00:00:00,2025-10-09 08:13:28
2021-10-25,00:00:00,ETHUSDT,BUY,MODERATE,0.70,2032.760000,2337.674000,1870.139200,1.88,1D,FALLBACK,0.70,No,N/A,N/A,N/A,N/A,Generated signal for ETHUSDT,2021-10-25 00:00:00,2025-10-09 08:13:28
2021-10-27,00:00:00,ETHUSDT,BUY,MODERATE,0.70,2335.360000,2685.664000,2148.531200,1.88,1D,FALLBACK,0.70,No,N/A,N/A,N/A,N/A,Generated signal for ETHUSDT,2021-10-27 00:00:00,2025-10-09 08:13:28
2021-10-28,00:00:00,ETHUSDT,BUY,MODERATE,0.70,2837.860000,3263.539000,2610.831200,1.87,1D,FALLBACK,0.70,No,N/A,N/A,N/A,N/A,Generated signal for ETHUSDT,2021-10-28 00:00:00,2025-10-09 08:13:28
2021-11-08,00:00:00,ETHUSDT,SELL,MODERATE,0.70,2212.770000,1880.854500,2389.791600,1.88,1D,FALLBACK,0.70,No,N/A,N/A,N/A,N/A,Generated signal for ETHUSDT,2021-11-08 00:00:00,2025-10-09 08:13:28
2021-11-10,00:00:00,ETHUSDT,SELL,MODERATE,0.70,2428.840000,2064.514000,2623.147200,1.87,1D,FALLBACK,0.70,No,N/A,N/A,N/A,N/A,Generated signal for ETHUSDT,2021-11-10 00:00:00,2025-10-09 08:13:28
2021-11-16,00:00:00,ETHUSDT,SELL,STRONG,0.80,2504.820000,2129.097000,2705.205600,1.87,1D,FALLBACK,0.80,No,N/A,N/A,N/A,N/A,Generated signal for ETHUSDT,2021-11-16 00:00:00,2025-10-09 08:13:28
2021-11-17,00:00:00,ETHUSDT,SELL,MODERATE,0.70,2715.630000,2308.285500,2932.880400,1.87,1D,FALLBACK,0.70,No,N/A,N/A,N/A,N/A,Generated signal for ETHUSDT,2021-11-17 00:00:00,2025-10-09 08:13:28
2021-11-18,00:00:00,ETHUSDT,SELL,MODERATE,0.70,2553.360000,2170.356000,2757.628800,1.87,1D,FALLBACK,0.70,No,N/A,N/A,N/A,N/A,Generated signal for ETHUSDT,2021-11-18 00:00:00,2025-10-09 08:13:28
2021-11-19,00:00:00,ETHUSDT,SELL,MODERATE,0.70,2268.420000,1928.157000,2449.893600,1.87,1D,FALLBACK,0.70,No,N/A,N/A,N/A,N/A,Generated signal for ETHUSDT,2021-11-19 00:00:00,2025-10-09 08:13:28
2021-11-22,00:00:00,ETHUSDT,SELL,MODERATE,0.70,2203.070000,1872.609500,2379.315600,1.87,1D,FALLBACK,0.70,No,N/A,N/A,N/A,N/A,Generated signal for ETHUSDT,2021-11-22 00:00:00,2025-10-09 08:13:28
2021-11-24,00:00:00,ETHUSDT,SELL,MODERATE,0.70,2598.150000,2208.427500,2806.002000,1.87,1D,FALLBACK,0.70,No,N/A,N/A,N/A,N/A,Generated signal for ETHUSDT,2021-11-24 00:00:00,2025-10-09 08:13:28
2021-12-04,00:00:00,ETHUSDT,BUY,MODERATE,0.70,2672.000000,3072.800000,2458.240000,1.88,1D,FALLBACK,0.70,No,N/A,N/A,N/A,N/A,Generated signal for ETHUSDT,2021-12-04 00:00:00,2025-10-09 08:13:28
2021-12-12,00:00:00,ETHUSDT,BUY,MODERATE,0.70,2677.790000,3079.458500,2463.566800,1.87,1D,FALLBACK,0.70,No,N/A,N/A,N/A,N/A,Generated signal for ETHUSDT,2021-12-12 00:00:00,2025-10-09 08:13:28
2021-12-15,00:00:00,ETHUSDT,BUY,MODERATE,0.70,2429.040000,2793.396000,2234.716800,1.88,1D,FALLBACK,0.70,No,N/A,N/A,N/A,N/A,Generated signal for ETHUSDT,2021-12-15 00:00:00,2025-10-09 08:13:28
2021-12-18,00:00:00,ETHUSDT,BUY,MODERATE,0.70,2617.200000,3009.780000,2407.824000,1.88,1D,FALLBACK,0.70,No,N/A,N/A,N/A,N/A,Generated signal for ETHUSDT,2021-12-18 00:00:00,2025-10-09 08:13:28
2021-12-19,00:00:00,ETHUSDT,BUY,MODERATE,0.70,2707.250000,3113.337500,2490.670000,1.87,1D,FALLBACK,0.70,No,N/A,N/A,N/A,N/A,Generated signal for ETHUSDT,2021-12-19 00:00:00,2025-10-09 08:13:28
2021-12-25,00:00:00,ETHUSDT,BUY,MODERATE,0.70,2765.630000,3180.474500,2544.379600,1.87,1D,FALLBACK,0.70,No,N/A,N/A,N/A,N/A,Generated signal for ETHUSDT,2021-12-25 00:00:00,2025-10-09 08:13:28
2021-12-31,00:00:00,ETHUSDT,BUY,MODERATE,0.70,2283.970000,2626.565500,2101.252400,1.88,1D,FALLBACK,0.70,No,N/A,N/A,N/A,N/A,Generated signal for ETHUSDT,2021-12-31 00:00:00,2025-10-09 08:13:28
